Serial,FIPS,Name,CountyName,State
1,1001,Autauga,AUTAUGA,AL
2,1003,Baldwin,BALDWIN,AL
3,1005,Barbour,BARBOUR,AL
4,1007,Bibb,BIBB,AL
5,1009,Blount,BLOUNT,AL
6,1011,Bullock,BULLOCK,AL
7,1013,Butler,BUTLER,AL
8,1015,Calhoun,CALHOUN,AL
9,1017,Chambers,CHAMBERS,AL
10,1019,Cherokee,CHEROKEE,AL
11,1021,Chilton,CHILTON,AL
12,1023,Choctaw,CHOCTAW,AL
13,1025,Clarke,CLARKE,AL
14,1027,Clay,CLAY,AL
15,1029,Cleburne,CLEBURNE,AL
16,1031,Coffee,COFFEE,AL
17,1033,Colbert,COLBERT,AL
18,1035,Conecuh,CONECUH,AL
19,1037,Coosa,COOSA,AL
20,1039,Covington,COVINGTON,AL
21,1041,Crenshaw,CRENSHAW,AL
22,1043,Cullman,CULLMAN,AL
23,1045,Dale,DALE,AL
24,1047,Dallas,DALLAS,AL
25,1049,De Kalb,DE KALB,AL
26,1051,Elmore,ELMORE,AL
27,1053,Escambia,ESCAMBIA,AL
28,1055,Etowah,ETOWAH,AL
29,1057,Fayette,FAYETTE,AL
30,1059,Franklin,FRANKLIN,AL
31,1061,Geneva,GENEVA,AL
32,1063,Greene,GREENE,AL
33,1065,Hale,HALE,AL
34,1067,Henry,HENRY,AL
35,1069,Houston,HOUSTON,AL
36,1071,Jackson,JACKSON,AL
37,1073,Jefferson,JEFFERSON,AL
38,1075,Lamar,LAMAR,AL
39,1077,Lauderdale,LAUDERDALE,AL
40,1079,Lawrence,LAWRENCE,AL
41,1081,Lee,LEE,AL
42,1083,Limestone,LIMESTONE,AL
43,1085,Lowndes,LOWNDES,AL
44,1087,Macon,MACON,AL
45,1089,Madison,MADISON,AL
46,1091,Marengo,MARENGO,AL
47,1093,Marion,MARION,AL
48,1095,Marshall,MARSHALL,AL
49,1097,Mobile,MOBILE,AL
50,1099,Monroe,MONROE,AL
51,1101,Montgomery,MONTGOMERY,AL
52,1103,Morgan,MORGAN,AL
53,1105,Perry,PERRY,AL
54,1107,Pickens,PICKENS,AL
55,1109,Pike,PIKE,AL
56,1111,Randolph,RANDOLPH,AL
57,1113,Russell,RUSSELL,AL
58,1115,St Clair,ST CLAIR,AL
59,1117,Shelby,SHELBY,AL
60,1119,Sumter,SUMTER,AL
61,1121,Talladega,TALLADEGA,AL
62,1123,Tallapoosa,TALLAPOOSA,AL
63,1125,Tuscaloosa,TUSCALOOSA,AL
64,1127,Walker,WALKER,AL
65,1129,Washington,WASHINGTON,AL
66,1131,Wilcox,WILCOX,AL
67,1133,Winston,WINSTON,AL
68,2013,Aleutians East,ALEUTIANS EAST,AK
69,2016,Aleutians West,ALEUTIANS WEST,AK
70,2020,Anchorage,ANCHORAGE,AK
71,2050,Bethel,BETHEL,AK
72,2060,Bristol Bay,BRISTOL BAY,AK
73,2068,Denali,DENALI,AK
74,2070,Dillingham,DILLINGHAM,AK
75,2090,Fairbanks North Star,FAIRBANKS NORTH STAR,AK
76,2100,Haines,HAINES,AK
77,2110,Juneau,JUNEAU,AK
78,2122,Kenai Peninsula,KENAI PENINSULA,AK
79,2130,Ketchikan Gateway,KETCHIKAN GATEWAY,AK
80,2150,Kodiak Island,KODIAK ISLAND,AK
81,2164,Lake and Peninsula,LAKE AND PENINSULA,AK
82,2170,Matanuska-Susitna,MATANUSKA-SUSITNA,AK
83,2180,Nome,NOME,AK
84,2185,North Slope,NORTH SLOPE,AK
85,2188,Northwest Arctic,NORTHWEST ARCTIC,AK
86,2201,Prince of Wales-Outer Ketchikan,PRINCE OF WALES-OUTER KETCHIKAN,AK
87,2220,Sitka,SITKA,AK
88,2232,Skagway-Hoonah-Angoon,SKAGWAY-HOONAH-ANGOON,AK
89,2240,Southeast Fairbanks,SOUTHEAST FAIRBANKS,AK
90,2261,Valdez-Cordova,VALDEZ-CORDOVA,AK
91,2270,Wade Hampton,WADE HAMPTON,AK
92,2280,Wrangell-Petersburg,WRANGELL-PETERSBURG,AK
93,2282,Yakutat,YAKUTAT,AK
94,2290,Yukon-Koyukuk,YUKON-KOYUKUK,AK
95,4001,Apache,APACHE,AZ
96,4003,Cochise,COCHISE,AZ
97,4005,Coconino,COCONINO,AZ
98,4007,Gila,GILA,AZ
99,4009,Graham,GRAHAM,AZ
100,4011,Greenlee,GREENLEE,AZ
101,4012,La Paz,LA PAZ,AZ
102,4013,Maricopa,MARICOPA,AZ
103,4015,Mohave,MOHAVE,AZ
104,4017,Navajo,NAVAJO,AZ
105,4019,Pima,PIMA,AZ
106,4021,Pinal,PINAL,AZ
107,4023,Santa Cruz,SANTA CRUZ,AZ
108,4025,Yavapai,YAVAPAI,AZ
109,4027,Yuma,YUMA,AZ
110,5001,Arkansas,ARKANSAS,AR
111,5003,Ashley,ASHLEY,AR
112,5005,Baxter,BAXTER,AR
113,5007,Benton,BENTON,AR
114,5009,Boone,BOONE,AR
115,5011,Bradley,BRADLEY,AR
116,5013,Calhoun,CALHOUN,AR
117,5015,Carroll,CARROLL,AR
118,5017,Chicot,CHICOT,AR
119,5019,Clark,CLARK,AR
120,5021,Clay,CLAY,AR
121,5023,Cleburne,CLEBURNE,AR
122,5025,Cleveland,CLEVELAND,AR
123,5027,Columbia,COLUMBIA,AR
124,5029,Conway,CONWAY,AR
125,5031,Craighead,CRAIGHEAD,AR
126,5033,Crawford,CRAWFORD,AR
127,5035,Crittenden,CRITTENDEN,AR
128,5037,Cross,CROSS,AR
129,5039,Dallas,DALLAS,AR
130,5041,Desha,DESHA,AR
131,5043,Drew,DREW,AR
132,5045,Faulkner,FAULKNER,AR
133,5047,Franklin,FRANKLIN,AR
134,5049,Fulton,FULTON,AR
135,5051,Garland,GARLAND,AR
136,5053,Grant,GRANT,AR
137,5055,Greene,GREENE,AR
138,5057,Hempstead,HEMPSTEAD,AR
139,5059,Hot Spring,HOT SPRING,AR
140,5061,Howard,HOWARD,AR
141,5063,Independence,INDEPENDENCE,AR
142,5065,Izard,IZARD,AR
143,5067,Jackson,JACKSON,AR
144,5069,Jefferson,JEFFERSON,AR
145,5071,Johnson,JOHNSON,AR
146,5073,Lafayette,LAFAYETTE,AR
147,5075,Lawrence,LAWRENCE,AR
148,5077,Lee,LEE,AR
149,5079,Lincoln,LINCOLN,AR
150,5081,Little River,LITTLE RIVER,AR
151,5083,Logan,LOGAN,AR
152,5085,Lonoke,LONOKE,AR
153,5087,Madison,MADISON,AR
154,5089,Marion,MARION,AR
155,5091,Miller,MILLER,AR
156,5093,Mississippi,MISSISSIPPI,AR
157,5095,Monroe,MONROE,AR
158,5097,Montgomery,MONTGOMERY,AR
159,5099,Nevada,NEVADA,AR
160,5101,Newton,NEWTON,AR
161,5103,Ouachita,OUACHITA,AR
162,5105,Perry,PERRY,AR
163,5107,Phillips,PHILLIPS,AR
164,5109,Pike,PIKE,AR
165,5111,Poinsett,POINSETT,AR
166,5113,Polk,POLK,AR
167,5115,Pope,POPE,AR
168,5117,Prairie,PRAIRIE,AR
169,5119,Pulaski,PULASKI,AR
170,5121,Randolph,RANDOLPH,AR
171,5123,St Francis,ST FRANCIS,AR
172,5125,Saline,SALINE,AR
173,5127,Scott,SCOTT,AR
174,5129,Searcy,SEARCY,AR
175,5131,Sebastian,SEBASTIAN,AR
176,5133,Sevier,SEVIER,AR
177,5135,Sharp,SHARP,AR
178,5137,Stone,STONE,AR
179,5139,Union,UNION,AR
180,5141,Van Buren,VAN BUREN,AR
181,5143,Washington,WASHINGTON,AR
182,5145,White,WHITE,AR
183,5147,Woodruff,WOODRUFF,AR
184,5149,Yell,YELL,AR
185,6001,Alameda,ALAMEDA,CA
186,6003,Alpine,ALPINE,CA
187,6005,Amador,AMADOR,CA
188,6007,Butte,BUTTE,CA
189,6009,Calaveras,CALAVERAS,CA
190,6011,Colusa,COLUSA,CA
191,6013,Contra Costa,CONTRA COSTA,CA
192,6015,Del Norte,DEL NORTE,CA
193,6017,El Dorado,EL DORADO,CA
194,6019,Fresno,FRESNO,CA
195,6021,Glenn,GLENN,CA
196,6023,Humboldt,HUMBOLDT,CA
197,6025,Imperial,IMPERIAL,CA
198,6027,Inyo,INYO,CA
199,6029,Kern,KERN,CA
200,6031,Kings,KINGS,CA
201,6033,Lake,LAKE,CA
202,6035,Lassen,LASSEN,CA
203,6037,Los Angeles,LOS ANGELES,CA
204,6039,Madera,MADERA,CA
205,6041,Marin,MARIN,CA
206,6043,Mariposa,MARIPOSA,CA
207,6045,Mendocino,MENDOCINO,CA
208,6047,Merced,MERCED,CA
209,6049,Modoc,MODOC,CA
210,6051,Mono,MONO,CA
211,6053,Monterey,MONTEREY,CA
212,6055,Napa,NAPA,CA
213,6057,Nevada,NEVADA,CA
214,6059,Orange,ORANGE,CA
215,6061,Placer,PLACER,CA
216,6063,Plumas,PLUMAS,CA
217,6065,Riverside,RIVERSIDE,CA
218,6067,Sacramento,SACRAMENTO,CA
219,6069,San Benito,SAN BENITO,CA
220,6071,San Bernardino,SAN BERNARDINO,CA
221,6073,San Diego,SAN DIEGO,CA
222,6075,San Francisco,SAN FRANCISCO,CA
223,6077,San Joaquin,SAN JOAQUIN,CA
224,6079,San Luis Obispo,SAN LUIS OBISPO,CA
225,6081,San Mateo,SAN MATEO,CA
226,6083,Santa Barbara,SANTA BARBARA,CA
227,6085,Santa Clara,SANTA CLARA,CA
228,6087,Santa Cruz,SANTA CRUZ,CA
229,6089,Shasta,SHASTA,CA
230,6091,Sierra,SIERRA,CA
231,6093,Siskiyou,SISKIYOU,CA
232,6095,Solano,SOLANO,CA
233,6097,Sonoma,SONOMA,CA
234,6099,Stanislaus,STANISLAUS,CA
235,6101,Sutter,SUTTER,CA
236,6103,Tehama,TEHAMA,CA
237,6105,Trinity,TRINITY,CA
238,6107,Tulare,TULARE,CA
239,6109,Tuolumne,TUOLUMNE,CA
240,6111,Ventura,VENTURA,CA
241,6113,Yolo,YOLO,CA
242,6115,Yuba,YUBA,CA
243,8001,Adams,ADAMS,CO
244,8003,Alamosa,ALAMOSA,CO
245,8005,Arapahoe,ARAPAHOE,CO
246,8007,Archuleta,ARCHULETA,CO
247,8009,Baca,BACA,CO
248,8011,Bent,BENT,CO
249,8013,Boulder,BOULDER,CO
250,8015,Chaffee,CHAFFEE,CO
251,8017,Cheyenne,CHEYENNE,CO
252,8019,Clear Creek,CLEAR CREEK,CO
253,8021,Conejos,CONEJOS,CO
254,8023,Costilla,COSTILLA,CO
255,8025,Crowley,CROWLEY,CO
256,8027,Custer,CUSTER,CO
257,8029,Delta,DELTA,CO
258,8031,Denver,DENVER,CO
259,8033,Dolores,DOLORES,CO
260,8035,Douglas,DOUGLAS,CO
261,8037,Eagle,EAGLE,CO
262,8039,Elbert,ELBERT,CO
263,8041,El Paso,EL PASO,CO
264,8043,Fremont,FREMONT,CO
265,8045,Garfield,GARFIELD,CO
266,8047,Gilpin,GILPIN,CO
267,8049,Grand,GRAND,CO
268,8051,Gunnison,GUNNISON,CO
269,8053,Hinsdale,HINSDALE,CO
270,8055,Huerfano,HUERFANO,CO
271,8057,Jackson,JACKSON,CO
272,8059,Jefferson,JEFFERSON,CO
273,8061,Kiowa,KIOWA,CO
274,8063,Kit Carson,KIT CARSON,CO
275,8065,Lake,LAKE,CO
276,8067,La Plata,LA PLATA,CO
277,8069,Larimer,LARIMER,CO
278,8071,Las Animas,LAS ANIMAS,CO
279,8073,Lincoln,LINCOLN,CO
280,8075,Logan,LOGAN,CO
281,8077,Mesa,MESA,CO
282,8079,Mineral,MINERAL,CO
283,8081,Moffat,MOFFAT,CO
284,8083,Montezuma,MONTEZUMA,CO
285,8085,Montrose,MONTROSE,CO
286,8087,Morgan,MORGAN,CO
287,8089,Otero,OTERO,CO
288,8091,Ouray,OURAY,CO
289,8093,Park,PARK,CO
290,8095,Phillips,PHILLIPS,CO
291,8097,Pitkin,PITKIN,CO
292,8099,Prowers,PROWERS,CO
293,8101,Pueblo,PUEBLO,CO
294,8103,Rio Blanco,RIO BLANCO,CO
295,8105,Rio Grande,RIO GRANDE,CO
296,8107,Routt,ROUTT,CO
297,8109,Saguache,SAGUACHE,CO
298,8111,San Juan,SAN JUAN,CO
299,8113,San Miguel,SAN MIGUEL,CO
300,8115,Sedgwick,SEDGWICK,CO
301,8117,Summit,SUMMIT,CO
302,8119,Teller,TELLER,CO
303,8121,Washington,WASHINGTON,CO
304,8123,Weld,WELD,CO
305,8125,Yuma,YUMA,CO
306,9001,Fairfield,FAIRFIELD,CT
307,9003,Hartford,HARTFORD,CT
308,9005,Litchfield,LITCHFIELD,CT
309,9007,Middlesex,MIDDLESEX,CT
310,9009,New Haven,NEW HAVEN,CT
311,9011,New London,NEW LONDON,CT
312,9013,Tolland,TOLLAND,CT
313,9015,Windham,WINDHAM,CT
314,10001,Kent,KENT,DE
315,10003,New Castle,NEW CASTLE,DE
316,10005,Sussex,SUSSEX,DE
317,11001,Washington,WASHINGTON,DC
318,12001,Alachua,ALACHUA,FL
319,12003,Baker,BAKER,FL
320,12005,Bay,BAY,FL
321,12007,Bradford,BRADFORD,FL
322,12009,Brevard,BREVARD,FL
323,12011,Broward,BROWARD,FL
324,12013,Calhoun,CALHOUN,FL
325,12015,Charlotte,CHARLOTTE,FL
326,12017,Citrus,CITRUS,FL
327,12019,Clay,CLAY,FL
328,12021,Collier,COLLIER,FL
329,12023,Columbia,COLUMBIA,FL
330,12025,Dade,DADE,FL
331,12027,De Soto,DE SOTO,FL
332,12029,Dixie,DIXIE,FL
333,12031,Duval,DUVAL,FL
334,12033,Escambia,ESCAMBIA,FL
335,12035,Flagler,FLAGLER,FL
336,12037,Franklin,FRANKLIN,FL
337,12039,Gadsden,GADSDEN,FL
338,12041,Gilchrist,GILCHRIST,FL
339,12043,Glades,GLADES,FL
340,12045,Gulf,GULF,FL
341,12047,Hamilton,HAMILTON,FL
342,12049,Hardee,HARDEE,FL
343,12051,Hendry,HENDRY,FL
344,12053,Hernando,HERNANDO,FL
345,12055,Highlands,HIGHLANDS,FL
346,12057,Hillsborough,HILLSBOROUGH,FL
347,12059,Holmes,HOLMES,FL
348,12061,Indian River,INDIAN RIVER,FL
349,12063,Jackson,JACKSON,FL
350,12065,Jefferson,JEFFERSON,FL
351,12067,Lafayette,LAFAYETTE,FL
352,12069,Lake,LAKE,FL
353,12071,Lee,LEE,FL
354,12073,Leon,LEON,FL
355,12075,Levy,LEVY,FL
356,12077,Liberty,LIBERTY,FL
357,12079,Madison,MADISON,FL
358,12081,Manatee,MANATEE,FL
359,12083,Marion,MARION,FL
360,12085,Martin,MARTIN,FL
361,12087,Monroe,MONROE,FL
362,12089,Nassau,NASSAU,FL
363,12091,Okaloosa,OKALOOSA,FL
364,12093,Okeechobee,OKEECHOBEE,FL
365,12095,Orange,ORANGE,FL
366,12097,Osceola,OSCEOLA,FL
367,12099,Palm Beach,PALM BEACH,FL
368,12101,Pasco,PASCO,FL
369,12103,Pinellas,PINELLAS,FL
370,12105,Polk,POLK,FL
371,12107,Putnam,PUTNAM,FL
372,12109,St Johns,ST JOHNS,FL
373,12111,St Lucie,ST LUCIE,FL
374,12113,Santa Rosa,SANTA ROSA,FL
375,12115,Sarasota,SARASOTA,FL
376,12117,Seminole,SEMINOLE,FL
377,12119,Sumter,SUMTER,FL
378,12121,Suwannee,SUWANNEE,FL
379,12123,Taylor,TAYLOR,FL
380,12125,Union,UNION,FL
381,12127,Volusia,VOLUSIA,FL
382,12129,Wakulla,WAKULLA,FL
383,12131,Walton,WALTON,FL
384,12133,Washington,WASHINGTON,FL
385,13001,Appling,APPLING,GA
386,13003,Atkinson,ATKINSON,GA
387,13005,Bacon,BACON,GA
388,13007,Baker,BAKER,GA
389,13009,Baldwin,BALDWIN,GA
390,13011,Banks,BANKS,GA
391,13013,Barrow,BARROW,GA
392,13015,Bartow,BARTOW,GA
393,13017,Ben Hill,BEN HILL,GA
394,13019,Berrien,BERRIEN,GA
395,13021,Bibb,BIBB,GA
396,13023,Bleckley,BLECKLEY,GA
397,13025,Brantley,BRANTLEY,GA
398,13027,Brooks,BROOKS,GA
399,13029,Bryan,BRYAN,GA
400,13031,Bulloch,BULLOCH,GA
401,13033,Burke,BURKE,GA
402,13035,Butts,BUTTS,GA
403,13037,Calhoun,CALHOUN,GA
404,13039,Camden,CAMDEN,GA
405,13043,Candler,CANDLER,GA
406,13045,Carroll,CARROLL,GA
407,13047,Catoosa,CATOOSA,GA
408,13049,Charlton,CHARLTON,GA
409,13051,Chatham,CHATHAM,GA
410,13053,Chattahoochee,CHATTAHOOCHEE,GA
411,13055,Chattooga,CHATTOOGA,GA
412,13057,Cherokee,CHEROKEE,GA
413,13059,Clarke,CLARKE,GA
414,13061,Clay,CLAY,GA
415,13063,Clayton,CLAYTON,GA
416,13065,Clinch,CLINCH,GA
417,13067,Cobb,COBB,GA
418,13069,Coffee,COFFEE,GA
419,13071,Colquitt,COLQUITT,GA
420,13073,Columbia,COLUMBIA,GA
421,13075,Cook,COOK,GA
422,13077,Coweta,COWETA,GA
423,13079,Crawford,CRAWFORD,GA
424,13081,Crisp,CRISP,GA
425,13083,Dade,DADE,GA
426,13085,Dawson,DAWSON,GA
427,13087,Decatur,DECATUR,GA
428,13089,De Kalb,DE KALB,GA
429,13091,Dodge,DODGE,GA
430,13093,Dooly,DOOLY,GA
431,13095,Dougherty,DOUGHERTY,GA
432,13097,Douglas,DOUGLAS,GA
433,13099,Early,EARLY,GA
434,13101,Echols,ECHOLS,GA
435,13103,Effingham,EFFINGHAM,GA
436,13105,Elbert,ELBERT,GA
437,13107,Emanuel,EMANUEL,GA
438,13109,Evans,EVANS,GA
439,13111,Fannin,FANNIN,GA
440,13113,Fayette,FAYETTE,GA
441,13115,Floyd,FLOYD,GA
442,13117,Forsyth,FORSYTH,GA
443,13119,Franklin,FRANKLIN,GA
444,13121,Fulton,FULTON,GA
445,13123,Gilmer,GILMER,GA
446,13125,Glascock,GLASCOCK,GA
447,13127,Glynn,GLYNN,GA
448,13129,Gordon,GORDON,GA
449,13131,Grady,GRADY,GA
450,13133,Greene,GREENE,GA
451,13135,Gwinnett,GWINNETT,GA
452,13137,Habersham,HABERSHAM,GA
453,13139,Hall,HALL,GA
454,13141,Hancock,HANCOCK,GA
455,13143,Haralson,HARALSON,GA
456,13145,Harris,HARRIS,GA
457,13147,Hart,HART,GA
458,13149,Heard,HEARD,GA
459,13151,Henry,HENRY,GA
460,13153,Houston,HOUSTON,GA
461,13155,Irwin,IRWIN,GA
462,13157,Jackson,JACKSON,GA
463,13159,Jasper,JASPER,GA
464,13161,Jeff Davis,JEFF DAVIS,GA
465,13163,Jefferson,JEFFERSON,GA
466,13165,Jenkins,JENKINS,GA
467,13167,Johnson,JOHNSON,GA
468,13169,Jones,JONES,GA
469,13171,Lamar,LAMAR,GA
470,13173,Lanier,LANIER,GA
471,13175,Laurens,LAURENS,GA
472,13177,Lee,LEE,GA
473,13179,Liberty,LIBERTY,GA
474,13181,Lincoln,LINCOLN,GA
475,13183,Long,LONG,GA
476,13185,Lowndes,LOWNDES,GA
477,13187,Lumpkin,LUMPKIN,GA
478,13189,McDuffie,MCDUFFIE,GA
479,13191,McIntosh,MCINTOSH,GA
480,13193,Macon,MACON,GA
481,13195,Madison,MADISON,GA
482,13197,Marion,MARION,GA
483,13199,Meriwether,MERIWETHER,GA
484,13201,Miller,MILLER,GA
485,13205,Mitchell,MITCHELL,GA
486,13207,Monroe,MONROE,GA
487,13209,Montgomery,MONTGOMERY,GA
488,13211,Morgan,MORGAN,GA
489,13213,Murray,MURRAY,GA
490,13215,Muscogee,MUSCOGEE,GA
491,13217,Newton,NEWTON,GA
492,13219,Oconee,OCONEE,GA
493,13221,Oglethorpe,OGLETHORPE,GA
494,13223,Paulding,PAULDING,GA
495,13225,Peach,PEACH,GA
496,13227,Pickens,PICKENS,GA
497,13229,Pierce,PIERCE,GA
498,13231,Pike,PIKE,GA
499,13233,Polk,POLK,GA
500,13235,Pulaski,PULASKI,GA
501,13237,Putnam,PUTNAM,GA
502,13239,Quitman,QUITMAN,GA
503,13241,Rabun,RABUN,GA
504,13243,Randolph,RANDOLPH,GA
505,13245,Richmond,RICHMOND,GA
506,13247,Rockdale,ROCKDALE,GA
507,13249,Schley,SCHLEY,GA
508,13251,Screven,SCREVEN,GA
509,13253,Seminole,SEMINOLE,GA
510,13255,Spalding,SPALDING,GA
511,13257,Stephens,STEPHENS,GA
512,13259,Stewart,STEWART,GA
513,13261,Sumter,SUMTER,GA
514,13263,Talbot,TALBOT,GA
515,13265,Taliaferro,TALIAFERRO,GA
516,13267,Tattnall,TATTNALL,GA
517,13269,Taylor,TAYLOR,GA
518,13271,Telfair,TELFAIR,GA
519,13273,Terrell,TERRELL,GA
520,13275,Thomas,THOMAS,GA
521,13277,Tift,TIFT,GA
522,13279,Toombs,TOOMBS,GA
523,13281,Towns,TOWNS,GA
524,13283,Treutlen,TREUTLEN,GA
525,13285,Troup,TROUP,GA
526,13287,Turner,TURNER,GA
527,13289,Twiggs,TWIGGS,GA
528,13291,Union,UNION,GA
529,13293,Upson,UPSON,GA
530,13295,Walker,WALKER,GA
531,13297,Walton,WALTON,GA
532,13299,Ware,WARE,GA
533,13301,Warren,WARREN,GA
534,13303,Washington,WASHINGTON,GA
535,13305,Wayne,WAYNE,GA
536,13307,Webster,WEBSTER,GA
537,13309,Wheeler,WHEELER,GA
538,13311,White,WHITE,GA
539,13313,Whitfield,WHITFIELD,GA
540,13315,Wilcox,WILCOX,GA
541,13317,Wilkes,WILKES,GA
542,13319,Wilkinson,WILKINSON,GA
543,13321,Worth,WORTH,GA
544,15001,Hawaii,HAWAII,HI
545,15003,Honolulu,HONOLULU,HI
546,15007,Kauai,KAUAI,HI
547,15009,Maui,MAUI,HI
548,16001,Ada,ADA,ID
549,16003,Adams,ADAMS,ID
550,16005,Bannock,BANNOCK,ID
551,16007,Bear Lake,BEAR LAKE,ID
552,16009,Benewah,BENEWAH,ID
553,16011,Bingham,BINGHAM,ID
554,16013,Blaine,BLAINE,ID
555,16015,Boise,BOISE,ID
556,16017,Bonner,BONNER,ID
557,16019,Bonneville,BONNEVILLE,ID
558,16021,Boundary,BOUNDARY,ID
559,16023,Butte,BUTTE,ID
560,16025,Camas,CAMAS,ID
561,16027,Canyon,CANYON,ID
562,16029,Caribou,CARIBOU,ID
563,16031,Cassia,CASSIA,ID
564,16033,Clark,CLARK,ID
565,16035,Clearwater,CLEARWATER,ID
566,16037,Custer,CUSTER,ID
567,16039,Elmore,ELMORE,ID
568,16041,Franklin,FRANKLIN,ID
569,16043,Fremont,FREMONT,ID
570,16045,Gem,GEM,ID
571,16047,Gooding,GOODING,ID
572,16049,Idaho,IDAHO,ID
573,16051,Jefferson,JEFFERSON,ID
574,16053,Jerome,JEROME,ID
575,16055,Kootenai,KOOTENAI,ID
576,16057,Latah,LATAH,ID
577,16059,Lemhi,LEMHI,ID
578,16061,Lewis,LEWIS,ID
579,16063,Lincoln,LINCOLN,ID
580,16065,Madison,MADISON,ID
581,16067,Minidoka,MINIDOKA,ID
582,16069,Nez Perce,NEZ PERCE,ID
583,16071,Oneida,ONEIDA,ID
584,16073,Owyhee,OWYHEE,ID
585,16075,Payette,PAYETTE,ID
586,16077,Power,POWER,ID
587,16079,Shoshone,SHOSHONE,ID
588,16081,Teton,TETON,ID
589,16083,Twin Falls,TWIN FALLS,ID
590,16085,Valley,VALLEY,ID
591,16087,Washington,WASHINGTON,ID
592,17001,Adams,ADAMS,IL
593,17003,Alexander,ALEXANDER,IL
594,17005,Bond,BOND,IL
595,17007,Boone,BOONE,IL
596,17009,Brown,BROWN,IL
597,17011,Bureau,BUREAU,IL
598,17013,Calhoun,CALHOUN,IL
599,17015,Carroll,CARROLL,IL
600,17017,Cass,CASS,IL
601,17019,Champaign,CHAMPAIGN,IL
602,17021,Christian,CHRISTIAN,IL
603,17023,Clark,CLARK,IL
604,17025,Clay,CLAY,IL
605,17027,Clinton,CLINTON,IL
606,17029,Coles,COLES,IL
607,17031,Cook,COOK,IL
608,17033,Crawford,CRAWFORD,IL
609,17035,Cumberland,CUMBERLAND,IL
610,17037,De Kalb,DE KALB,IL
611,17039,De Witt,DE WITT,IL
612,17041,Douglas,DOUGLAS,IL
613,17043,Du Page,DU PAGE,IL
614,17045,Edgar,EDGAR,IL
615,17047,Edwards,EDWARDS,IL
616,17049,Effingham,EFFINGHAM,IL
617,17051,Fayette,FAYETTE,IL
618,17053,Ford,FORD,IL
619,17055,Franklin,FRANKLIN,IL
620,17057,Fulton,FULTON,IL
621,17059,Gallatin,GALLATIN,IL
622,17061,Greene,GREENE,IL
623,17063,Grundy,GRUNDY,IL
624,17065,Hamilton,HAMILTON,IL
625,17067,Hancock,HANCOCK,IL
626,17069,Hardin,HARDIN,IL
627,17071,Henderson,HENDERSON,IL
628,17073,Henry,HENRY,IL
629,17075,Iroquois,IROQUOIS,IL
630,17077,Jackson,JACKSON,IL
631,17079,Jasper,JASPER,IL
632,17081,Jefferson,JEFFERSON,IL
633,17083,Jersey,JERSEY,IL
634,17085,Jo Daviess,JO DAVIESS,IL
635,17087,Johnson,JOHNSON,IL
636,17089,Kane,KANE,IL
637,17091,Kankakee,KANKAKEE,IL
638,17093,Kendall,KENDALL,IL
639,17095,Knox,KNOX,IL
640,17097,Lake,LAKE,IL
641,17099,La Salle,LA SALLE,IL
642,17101,Lawrence,LAWRENCE,IL
643,17103,Lee,LEE,IL
644,17105,Livingston,LIVINGSTON,IL
645,17107,Logan,LOGAN,IL
646,17109,McDonough,MCDONOUGH,IL
647,17111,McHenry,MCHENRY,IL
648,17113,McLean,MCLEAN,IL
649,17115,Macon,MACON,IL
650,17117,Macoupin,MACOUPIN,IL
651,17119,Madison,MADISON,IL
652,17121,Marion,MARION,IL
653,17123,Marshall,MARSHALL,IL
654,17125,Mason,MASON,IL
655,17127,Massac,MASSAC,IL
656,17129,Menard,MENARD,IL
657,17131,Mercer,MERCER,IL
658,17133,Monroe,MONROE,IL
659,17135,Montgomery,MONTGOMERY,IL
660,17137,Morgan,MORGAN,IL
661,17139,Moultrie,MOULTRIE,IL
662,17141,Ogle,OGLE,IL
663,17143,Peoria,PEORIA,IL
664,17145,Perry,PERRY,IL
665,17147,Piatt,PIATT,IL
666,17149,Pike,PIKE,IL
667,17151,Pope,POPE,IL
668,17153,Pulaski,PULASKI,IL
669,17155,Putnam,PUTNAM,IL
670,17157,Randolph,RANDOLPH,IL
671,17159,Richland,RICHLAND,IL
672,17161,Rock Island,ROCK ISLAND,IL
673,17163,St Clair,ST CLAIR,IL
674,17165,Saline,SALINE,IL
675,17167,Sangamon,SANGAMON,IL
676,17169,Schuyler,SCHUYLER,IL
677,17171,Scott,SCOTT,IL
678,17173,Shelby,SHELBY,IL
679,17175,Stark,STARK,IL
680,17177,Stephenson,STEPHENSON,IL
681,17179,Tazewell,TAZEWELL,IL
682,17181,Union,UNION,IL
683,17183,Vermilion,VERMILION,IL
684,17185,Wabash,WABASH,IL
685,17187,Warren,WARREN,IL
686,17189,Washington,WASHINGTON,IL
687,17191,Wayne,WAYNE,IL
688,17193,White,WHITE,IL
689,17195,Whiteside,WHITESIDE,IL
690,17197,Will,WILL,IL
691,17199,Williamson,WILLIAMSON,IL
692,17201,Winnebago,WINNEBAGO,IL
693,17203,Woodford,WOODFORD,IL
694,18001,Adams,ADAMS,IN
695,18003,Allen,ALLEN,IN
696,18005,Bartholomew,BARTHOLOMEW,IN
697,18007,Benton,BENTON,IN
698,18009,Blackford,BLACKFORD,IN
699,18011,Boone,BOONE,IN
700,18013,Brown,BROWN,IN
701,18015,Carroll,CARROLL,IN
702,18017,Cass,CASS,IN
703,18019,Clark,CLARK,IN
704,18021,Clay,CLAY,IN
705,18023,Clinton,CLINTON,IN
706,18025,Crawford,CRAWFORD,IN
707,18027,Daviess,DAVIESS,IN
708,18029,Dearborn,DEARBORN,IN
709,18031,Decatur,DECATUR,IN
710,18033,De Kalb,DE KALB,IN
711,18035,Delaware,DELAWARE,IN
712,18037,Dubois,DUBOIS,IN
713,18039,Elkhart,ELKHART,IN
714,18041,Fayette,FAYETTE,IN
715,18043,Floyd,FLOYD,IN
716,18045,Fountain,FOUNTAIN,IN
717,18047,Franklin,FRANKLIN,IN
718,18049,Fulton,FULTON,IN
719,18051,Gibson,GIBSON,IN
720,18053,Grant,GRANT,IN
721,18055,Greene,GREENE,IN
722,18057,Hamilton,HAMILTON,IN
723,18059,Hancock,HANCOCK,IN
724,18061,Harrison,HARRISON,IN
725,18063,Hendricks,HENDRICKS,IN
726,18065,Henry,HENRY,IN
727,18067,Howard,HOWARD,IN
728,18069,Huntington,HUNTINGTON,IN
729,18071,Jackson,JACKSON,IN
730,18073,Jasper,JASPER,IN
731,18075,Jay,JAY,IN
732,18077,Jefferson,JEFFERSON,IN
733,18079,Jennings,JENNINGS,IN
734,18081,Johnson,JOHNSON,IN
735,18083,Knox,KNOX,IN
736,18085,Kosciusko,KOSCIUSKO,IN
737,18087,La Grange,LA GRANGE,IN
738,18089,Lake,LAKE,IN
739,18091,La Porte,LA PORTE,IN
740,18093,Lawrence,LAWRENCE,IN
741,18095,Madison,MADISON,IN
742,18097,Marion,MARION,IN
743,18099,Marshall,MARSHALL,IN
744,18101,Martin,MARTIN,IN
745,18103,Miami,MIAMI,IN
746,18105,Monroe,MONROE,IN
747,18107,Montgomery,MONTGOMERY,IN
748,18109,Morgan,MORGAN,IN
749,18111,Newton,NEWTON,IN
750,18113,Noble,NOBLE,IN
751,18115,Ohio,OHIO,IN
752,18117,Orange,ORANGE,IN
753,18119,Owen,OWEN,IN
754,18121,Parke,PARKE,IN
755,18123,Perry,PERRY,IN
756,18125,Pike,PIKE,IN
757,18127,Porter,PORTER,IN
758,18129,Posey,POSEY,IN
759,18131,Pulaski,PULASKI,IN
760,18133,Putnam,PUTNAM,IN
761,18135,Randolph,RANDOLPH,IN
762,18137,Ripley,RIPLEY,IN
763,18139,Rush,RUSH,IN
764,18141,St Joseph,ST JOSEPH,IN
765,18143,Scott,SCOTT,IN
766,18145,Shelby,SHELBY,IN
767,18147,Spencer,SPENCER,IN
768,18149,Starke,STARKE,IN
769,18151,Steuben,STEUBEN,IN
770,18153,Sullivan,SULLIVAN,IN
771,18155,Switzerland,SWITZERLAND,IN
772,18157,Tippecanoe,TIPPECANOE,IN
773,18159,Tipton,TIPTON,IN
774,18161,Union,UNION,IN
775,18163,Vanderburgh,VANDERBURGH,IN
776,18165,Vermillion,VERMILLION,IN
777,18167,Vigo,VIGO,IN
778,18169,Wabash,WABASH,IN
779,18171,Warren,WARREN,IN
780,18173,Warrick,WARRICK,IN
781,18175,Washington,WASHINGTON,IN
782,18177,Wayne,WAYNE,IN
783,18179,Wells,WELLS,IN
784,18181,White,WHITE,IN
785,18183,Whitley,WHITLEY,IN
786,19001,Adair,ADAIR,IA
787,19003,Adams,ADAMS,IA
788,19005,Allamakee,ALLAMAKEE,IA
789,19007,Appanoose,APPANOOSE,IA
790,19009,Audubon,AUDUBON,IA
791,19011,Benton,BENTON,IA
792,19013,Black Hawk,BLACK HAWK,IA
793,19015,Boone,BOONE,IA
794,19017,Bremer,BREMER,IA
795,19019,Buchanan,BUCHANAN,IA
796,19021,Buena Vista,BUENA VISTA,IA
797,19023,Butler,BUTLER,IA
798,19025,Calhoun,CALHOUN,IA
799,19027,Carroll,CARROLL,IA
800,19029,Cass,CASS,IA
801,19031,Cedar,CEDAR,IA
802,19033,Cerro Gordo,CERRO GORDO,IA
803,19035,Cherokee,CHEROKEE,IA
804,19037,Chickasaw,CHICKASAW,IA
805,19039,Clarke,CLARKE,IA
806,19041,Clay,CLAY,IA
807,19043,Clayton,CLAYTON,IA
808,19045,Clinton,CLINTON,IA
809,19047,Crawford,CRAWFORD,IA
810,19049,Dallas,DALLAS,IA
811,19051,Davis,DAVIS,IA
812,19053,Decatur,DECATUR,IA
813,19055,Delaware,DELAWARE,IA
814,19057,Des Moines,DES MOINES,IA
815,19059,Dickinson,DICKINSON,IA
816,19061,Dubuque,DUBUQUE,IA
817,19063,Emmet,EMMET,IA
818,19065,Fayette,FAYETTE,IA
819,19067,Floyd,FLOYD,IA
820,19069,Franklin,FRANKLIN,IA
821,19071,Fremont,FREMONT,IA
822,19073,Greene,GREENE,IA
823,19075,Grundy,GRUNDY,IA
824,19077,Guthrie,GUTHRIE,IA
825,19079,Hamilton,HAMILTON,IA
826,19081,Hancock,HANCOCK,IA
827,19083,Hardin,HARDIN,IA
828,19085,Harrison,HARRISON,IA
829,19087,Henry,HENRY,IA
830,19089,Howard,HOWARD,IA
831,19091,Humboldt,HUMBOLDT,IA
832,19093,Ida,IDA,IA
833,19095,Iowa,IOWA,IA
834,19097,Jackson,JACKSON,IA
835,19099,Jasper,JASPER,IA
836,19101,Jefferson,JEFFERSON,IA
837,19103,Johnson,JOHNSON,IA
838,19105,Jones,JONES,IA
839,19107,Keokuk,KEOKUK,IA
840,19109,Kossuth,KOSSUTH,IA
841,19111,Lee,LEE,IA
842,19113,Linn,LINN,IA
843,19115,Louisa,LOUISA,IA
844,19117,Lucas,LUCAS,IA
845,19119,Lyon,LYON,IA
846,19121,Madison,MADISON,IA
847,19123,Mahaska,MAHASKA,IA
848,19125,Marion,MARION,IA
849,19127,Marshall,MARSHALL,IA
850,19129,Mills,MILLS,IA
851,19131,Mitchell,MITCHELL,IA
852,19133,Monona,MONONA,IA
853,19135,Monroe,MONROE,IA
854,19137,Montgomery,MONTGOMERY,IA
855,19139,Muscatine,MUSCATINE,IA
856,19141,O Brien,O BRIEN,IA
857,19143,Osceola,OSCEOLA,IA
858,19145,Page,PAGE,IA
859,19147,Palo Alto,PALO ALTO,IA
860,19149,Plymouth,PLYMOUTH,IA
861,19151,Pocahontas,POCAHONTAS,IA
862,19153,Polk,POLK,IA
863,19155,Pottawattamie,POTTAWATTAMIE,IA
864,19157,Poweshiek,POWESHIEK,IA
865,19159,Ringgold,RINGGOLD,IA
866,19161,Sac,SAC,IA
867,19163,Scott,SCOTT,IA
868,19165,Shelby,SHELBY,IA
869,19167,Sioux,SIOUX,IA
870,19169,Story,STORY,IA
871,19171,Tama,TAMA,IA
872,19173,Taylor,TAYLOR,IA
873,19175,Union,UNION,IA
874,19177,Van Buren,VAN BUREN,IA
875,19179,Wapello,WAPELLO,IA
876,19181,Warren,WARREN,IA
877,19183,Washington,WASHINGTON,IA
878,19185,Wayne,WAYNE,IA
879,19187,Webster,WEBSTER,IA
880,19189,Winnebago,WINNEBAGO,IA
881,19191,Winneshiek,WINNESHIEK,IA
882,19193,Woodbury,WOODBURY,IA
883,19195,Worth,WORTH,IA
884,19197,Wright,WRIGHT,IA
885,20001,Allen,ALLEN,KS
886,20003,Anderson,ANDERSON,KS
887,20005,Atchison,ATCHISON,KS
888,20007,Barber,BARBER,KS
889,20009,Barton,BARTON,KS
890,20011,Bourbon,BOURBON,KS
891,20013,Brown,BROWN,KS
892,20015,Butler,BUTLER,KS
893,20017,Chase,CHASE,KS
894,20019,Chautauqua,CHAUTAUQUA,KS
895,20021,Cherokee,CHEROKEE,KS
896,20023,Cheyenne,CHEYENNE,KS
897,20025,Clark,CLARK,KS
898,20027,Clay,CLAY,KS
899,20029,Cloud,CLOUD,KS
900,20031,Coffey,COFFEY,KS
901,20033,Comanche,COMANCHE,KS
902,20035,Cowley,COWLEY,KS
903,20037,Crawford,CRAWFORD,KS
904,20039,Decatur,DECATUR,KS
905,20041,Dickinson,DICKINSON,KS
906,20043,Doniphan,DONIPHAN,KS
907,20045,Douglas,DOUGLAS,KS
908,20047,Edwards,EDWARDS,KS
909,20049,Elk,ELK,KS
910,20051,Ellis,ELLIS,KS
911,20053,Ellsworth,ELLSWORTH,KS
912,20055,Finney,FINNEY,KS
913,20057,Ford,FORD,KS
914,20059,Franklin,FRANKLIN,KS
915,20061,Geary,GEARY,KS
916,20063,Gove,GOVE,KS
917,20065,Graham,GRAHAM,KS
918,20067,Grant,GRANT,KS
919,20069,Gray,GRAY,KS
920,20071,Greeley,GREELEY,KS
921,20073,Greenwood,GREENWOOD,KS
922,20075,Hamilton,HAMILTON,KS
923,20077,Harper,HARPER,KS
924,20079,Harvey,HARVEY,KS
925,20081,Haskell,HASKELL,KS
926,20083,Hodgeman,HODGEMAN,KS
927,20085,Jackson,JACKSON,KS
928,20087,Jefferson,JEFFERSON,KS
929,20089,Jewell,JEWELL,KS
930,20091,Johnson,JOHNSON,KS
931,20093,Kearny,KEARNY,KS
932,20095,Kingman,KINGMAN,KS
933,20097,Kiowa,KIOWA,KS
934,20099,Labette,LABETTE,KS
935,20101,Lane,LANE,KS
936,20103,Leavenworth,LEAVENWORTH,KS
937,20105,Lincoln,LINCOLN,KS
938,20107,Linn,LINN,KS
939,20109,Logan,LOGAN,KS
940,20111,Lyon,LYON,KS
941,20113,McPherson,MCPHERSON,KS
942,20115,Marion,MARION,KS
943,20117,Marshall,MARSHALL,KS
944,20119,Meade,MEADE,KS
945,20121,Miami,MIAMI,KS
946,20123,Mitchell,MITCHELL,KS
947,20125,Montgomery,MONTGOMERY,KS
948,20127,Morris,MORRIS,KS
949,20129,Morton,MORTON,KS
950,20131,Nemaha,NEMAHA,KS
951,20133,Neosho,NEOSHO,KS
952,20135,Ness,NESS,KS
953,20137,Norton,NORTON,KS
954,20139,Osage,OSAGE,KS
955,20141,Osborne,OSBORNE,KS
956,20143,Ottawa,OTTAWA,KS
957,20145,Pawnee,PAWNEE,KS
958,20147,Phillips,PHILLIPS,KS
959,20149,Pottawatomie,POTTAWATOMIE,KS
960,20151,Pratt,PRATT,KS
961,20153,Rawlins,RAWLINS,KS
962,20155,Reno,RENO,KS
963,20157,Republic,REPUBLIC,KS
964,20159,Rice,RICE,KS
965,20161,Riley,RILEY,KS
966,20163,Rooks,ROOKS,KS
967,20165,Rush,RUSH,KS
968,20167,Russell,RUSSELL,KS
969,20169,Saline,SALINE,KS
970,20171,Scott,SCOTT,KS
971,20173,Sedgwick,SEDGWICK,KS
972,20175,Seward,SEWARD,KS
973,20177,Shawnee,SHAWNEE,KS
974,20179,Sheridan,SHERIDAN,KS
975,20181,Sherman,SHERMAN,KS
976,20183,Smith,SMITH,KS
977,20185,Stafford,STAFFORD,KS
978,20187,Stanton,STANTON,KS
979,20189,Stevens,STEVENS,KS
980,20191,Sumner,SUMNER,KS
981,20193,Thomas,THOMAS,KS
982,20195,Trego,TREGO,KS
983,20197,Wabaunsee,WABAUNSEE,KS
984,20199,Wallace,WALLACE,KS
985,20201,Washington,WASHINGTON,KS
986,20203,Wichita,WICHITA,KS
987,20205,Wilson,WILSON,KS
988,20207,Woodson,WOODSON,KS
989,20209,Wyandotte,WYANDOTTE,KS
990,21001,Adair,ADAIR,KY
991,21003,Allen,ALLEN,KY
992,21005,Anderson,ANDERSON,KY
993,21007,Ballard,BALLARD,KY
994,21009,Barren,BARREN,KY
995,21011,Bath,BATH,KY
996,21013,Bell,BELL,KY
997,21015,Boone,BOONE,KY
998,21017,Bourbon,BOURBON,KY
999,21019,Boyd,BOYD,KY
1000,21021,Boyle,BOYLE,KY
1001,21023,Bracken,BRACKEN,KY
1002,21025,Breathitt,BREATHITT,KY
1003,21027,Breckinridge,BRECKINRIDGE,KY
1004,21029,Bullitt,BULLITT,KY
1005,21031,Butler,BUTLER,KY
1006,21033,Caldwell,CALDWELL,KY
1007,21035,Calloway,CALLOWAY,KY
1008,21037,Campbell,CAMPBELL,KY
1009,21039,Carlisle,CARLISLE,KY
1010,21041,Carroll,CARROLL,KY
1011,21043,Carter,CARTER,KY
1012,21045,Casey,CASEY,KY
1013,21047,Christian,CHRISTIAN,KY
1014,21049,Clark,CLARK,KY
1015,21051,Clay,CLAY,KY
1016,21053,Clinton,CLINTON,KY
1017,21055,Crittenden,CRITTENDEN,KY
1018,21057,Cumberland,CUMBERLAND,KY
1019,21059,Daviess,DAVIESS,KY
1020,21061,Edmonson,EDMONSON,KY
1021,21063,Elliott,ELLIOTT,KY
1022,21065,Estill,ESTILL,KY
1023,21067,Fayette,FAYETTE,KY
1024,21069,Fleming,FLEMING,KY
1025,21071,Floyd,FLOYD,KY
1026,21073,Franklin,FRANKLIN,KY
1027,21075,Fulton,FULTON,KY
1028,21077,Gallatin,GALLATIN,KY
1029,21079,Garrard,GARRARD,KY
1030,21081,Grant,GRANT,KY
1031,21083,Graves,GRAVES,KY
1032,21085,Grayson,GRAYSON,KY
1033,21087,Green,GREEN,KY
1034,21089,Greenup,GREENUP,KY
1035,21091,Hancock,HANCOCK,KY
1036,21093,Hardin,HARDIN,KY
1037,21095,Harlan,HARLAN,KY
1038,21097,Harrison,HARRISON,KY
1039,21099,Hart,HART,KY
1040,21101,Henderson,HENDERSON,KY
1041,21103,Henry,HENRY,KY
1042,21105,Hickman,HICKMAN,KY
1043,21107,Hopkins,HOPKINS,KY
1044,21109,Jackson,JACKSON,KY
1045,21111,Jefferson,JEFFERSON,KY
1046,21113,Jessamine,JESSAMINE,KY
1047,21115,Johnson,JOHNSON,KY
1048,21117,Kenton,KENTON,KY
1049,21119,Knott,KNOTT,KY
1050,21121,Knox,KNOX,KY
1051,21123,Larue,LARUE,KY
1052,21125,Laurel,LAUREL,KY
1053,21127,Lawrence,LAWRENCE,KY
1054,21129,Lee,LEE,KY
1055,21131,Leslie,LESLIE,KY
1056,21133,Letcher,LETCHER,KY
1057,21135,Lewis,LEWIS,KY
1058,21137,Lincoln,LINCOLN,KY
1059,21139,Livingston,LIVINGSTON,KY
1060,21141,Logan,LOGAN,KY
1061,21143,Lyon,LYON,KY
1062,21145,McCracken,MCCRACKEN,KY
1063,21147,McCreary,MCCREARY,KY
1064,21149,McLean,MCLEAN,KY
1065,21151,Madison,MADISON,KY
1066,21153,Magoffin,MAGOFFIN,KY
1067,21155,Marion,MARION,KY
1068,21157,Marshall,MARSHALL,KY
1069,21159,Martin,MARTIN,KY
1070,21161,Mason,MASON,KY
1071,21163,Meade,MEADE,KY
1072,21165,Menifee,MENIFEE,KY
1073,21167,Mercer,MERCER,KY
1074,21169,Metcalfe,METCALFE,KY
1075,21171,Monroe,MONROE,KY
1076,21173,Montgomery,MONTGOMERY,KY
1077,21175,Morgan,MORGAN,KY
1078,21177,Muhlenberg,MUHLENBERG,KY
1079,21179,Nelson,NELSON,KY
1080,21181,Nicholas,NICHOLAS,KY
1081,21183,Ohio,OHIO,KY
1082,21185,Oldham,OLDHAM,KY
1083,21187,Owen,OWEN,KY
1084,21189,Owsley,OWSLEY,KY
1085,21191,Pendleton,PENDLETON,KY
1086,21193,Perry,PERRY,KY
1087,21195,Pike,PIKE,KY
1088,21197,Powell,POWELL,KY
1089,21199,Pulaski,PULASKI,KY
1090,21201,Robertson,ROBERTSON,KY
1091,21203,Rockcastle,ROCKCASTLE,KY
1092,21205,Rowan,ROWAN,KY
1093,21207,Russell,RUSSELL,KY
1094,21209,Scott,SCOTT,KY
1095,21211,Shelby,SHELBY,KY
1096,21213,Simpson,SIMPSON,KY
1097,21215,Spencer,SPENCER,KY
1098,21217,Taylor,TAYLOR,KY
1099,21219,Todd,TODD,KY
1100,21221,Trigg,TRIGG,KY
1101,21223,Trimble,TRIMBLE,KY
1102,21225,Union,UNION,KY
1103,21227,Warren,WARREN,KY
1104,21229,Washington,WASHINGTON,KY
1105,21231,Wayne,WAYNE,KY
1106,21233,Webster,WEBSTER,KY
1107,21235,Whitley,WHITLEY,KY
1108,21237,Wolfe,WOLFE,KY
1109,21239,Woodford,WOODFORD,KY
1110,22001,Acadia,ACADIA,LA
1111,22003,Allen,ALLEN,LA
1112,22005,Ascension,ASCENSION,LA
1113,22007,Assumption,ASSUMPTION,LA
1114,22009,Avoyelles,AVOYELLES,LA
1115,22011,Beauregard,BEAUREGARD,LA
1116,22013,Bienville,BIENVILLE,LA
1117,22015,Bossier,BOSSIER,LA
1118,22017,Caddo,CADDO,LA
1119,22019,Calcasieu,CALCASIEU,LA
1120,22021,Caldwell,CALDWELL,LA
1121,22023,Cameron,CAMERON,LA
1122,22025,Catahoula,CATAHOULA,LA
1123,22027,Claiborne,CLAIBORNE,LA
1124,22029,Concordia,CONCORDIA,LA
1125,22031,De Soto,DE SOTO,LA
1126,22033,East Baton Rouge,EAST BATON ROUGE,LA
1127,22035,East Carroll,EAST CARROLL,LA
1128,22037,East Feliciana,EAST FELICIANA,LA
1129,22039,Evangeline,EVANGELINE,LA
1130,22041,Franklin,FRANKLIN,LA
1131,22043,Grant,GRANT,LA
1132,22045,Iberia,IBERIA,LA
1133,22047,Iberville,IBERVILLE,LA
1134,22049,Jackson,JACKSON,LA
1135,22051,Jefferson,JEFFERSON,LA
1136,22053,Jefferson Davis,JEFFERSON DAVIS,LA
1137,22055,Lafayette,LAFAYETTE,LA
1138,22057,Lafourche,LAFOURCHE,LA
1139,22059,La Salle,LA SALLE,LA
1140,22061,Lincoln,LINCOLN,LA
1141,22063,Livingston,LIVINGSTON,LA
1142,22065,Madison,MADISON,LA
1143,22067,Morehouse,MOREHOUSE,LA
1144,22069,Natchitoches,NATCHITOCHES,LA
1145,22071,Orleans,ORLEANS,LA
1146,22073,Ouachita,OUACHITA,LA
1147,22075,Plaquemines,PLAQUEMINES,LA
1148,22077,Pointe Coupee,POINTE COUPEE,LA
1149,22079,Rapides,RAPIDES,LA
1150,22081,Red River,RED RIVER,LA
1151,22083,Richland,RICHLAND,LA
1152,22085,Sabine,SABINE,LA
1153,22087,St Bernard,ST BERNARD,LA
1154,22089,St Charles,ST CHARLES,LA
1155,22091,St Helena,ST HELENA,LA
1156,22093,St James,ST JAMES,LA
1157,22095,St John the Baptist,ST JOHN THE BAPTIST,LA
1158,22097,St Landry,ST LANDRY,LA
1159,22099,St Martin,ST MARTIN,LA
1160,22101,St Mary,ST MARY,LA
1161,22103,St Tammany,ST TAMMANY,LA
1162,22105,Tangipahoa,TANGIPAHOA,LA
1163,22107,Tensas,TENSAS,LA
1164,22109,Terrebonne,TERREBONNE,LA
1165,22111,Union,UNION,LA
1166,22113,Vermilion,VERMILION,LA
1167,22115,Vernon,VERNON,LA
1168,22117,Washington,WASHINGTON,LA
1169,22119,Webster,WEBSTER,LA
1170,22121,West Baton Rouge,WEST BATON ROUGE,LA
1171,22123,West Carroll,WEST CARROLL,LA
1172,22125,West Feliciana,WEST FELICIANA,LA
1173,22127,Winn,WINN,LA
1174,23001,Androscoggin,ANDROSCOGGIN,ME
1175,23003,Aroostook,AROOSTOOK,ME
1176,23005,Cumberland,CUMBERLAND,ME
1177,23007,Franklin,FRANKLIN,ME
1178,23009,Hancock,HANCOCK,ME
1179,23011,Kennebec,KENNEBEC,ME
1180,23013,Knox,KNOX,ME
1181,23015,Lincoln,LINCOLN,ME
1182,23017,Oxford,OXFORD,ME
1183,23019,Penobscot,PENOBSCOT,ME
1184,23021,Piscataquis,PISCATAQUIS,ME
1185,23023,Sagadahoc,SAGADAHOC,ME
1186,23025,Somerset,SOMERSET,ME
1187,23027,Waldo,WALDO,ME
1188,23029,Washington,WASHINGTON,ME
1189,23031,York,YORK,ME
1190,24001,Allegany,ALLEGANY,MD
1191,24003,Anne Arundel,ANNE ARUNDEL,MD
1192,24005,Baltimore,BALTIMORE,MD
1193,24009,Calvert,CALVERT,MD
1194,24011,Caroline,CAROLINE,MD
1195,24013,Carroll,CARROLL,MD
1196,24015,Cecil,CECIL,MD
1197,24017,Charles,CHARLES,MD
1198,24019,Dorchester,DORCHESTER,MD
1199,24021,Frederick,FREDERICK,MD
1200,24023,Garrett,GARRETT,MD
1201,24025,Harford,HARFORD,MD
1202,24027,Howard,HOWARD,MD
1203,24029,Kent,KENT,MD
1204,24031,Montgomery,MONTGOMERY,MD
1205,24033,Prince Georges,PRINCE GEORGES,MD
1206,24035,Queen Annes,QUEEN ANNES,MD
1207,24037,St Marys,ST MARYS,MD
1208,24039,Somerset,SOMERSET,MD
1209,24041,Talbot,TALBOT,MD
1210,24043,Washington,WASHINGTON,MD
1211,24045,Wicomico,WICOMICO,MD
1212,24047,Worcester,WORCESTER,MD
1213,24510,Baltimore City,BALTIMORE CITY,MD
1214,25001,Barnstable,BARNSTABLE,MA
1215,25003,Berkshire,BERKSHIRE,MA
1216,25005,Bristol,BRISTOL,MA
1217,25007,Dukes,DUKES,MA
1218,25009,Essex,ESSEX,MA
1219,25011,Franklin,FRANKLIN,MA
1220,25013,Hampden,HAMPDEN,MA
1221,25015,Hampshire,HAMPSHIRE,MA
1222,25017,Middlesex,MIDDLESEX,MA
1223,25019,Nantucket,NANTUCKET,MA
1224,25021,Norfolk,NORFOLK,MA
1225,25023,Plymouth,PLYMOUTH,MA
1226,25025,Suffolk,SUFFOLK,MA
1227,25027,Worcester,WORCESTER,MA
1228,26001,Alcona,ALCONA,MI
1229,26003,Alger,ALGER,MI
1230,26005,Allegan,ALLEGAN,MI
1231,26007,Alpena,ALPENA,MI
1232,26009,Antrim,ANTRIM,MI
1233,26011,Arenac,ARENAC,MI
1234,26013,Baraga,BARAGA,MI
1235,26015,Barry,BARRY,MI
1236,26017,Bay,BAY,MI
1237,26019,Benzie,BENZIE,MI
1238,26021,Berrien,BERRIEN,MI
1239,26023,Branch,BRANCH,MI
1240,26025,Calhoun,CALHOUN,MI
1241,26027,Cass,CASS,MI
1242,26029,Charlevoix,CHARLEVOIX,MI
1243,26031,Cheboygan,CHEBOYGAN,MI
1244,26033,Chippewa,CHIPPEWA,MI
1245,26035,Clare,CLARE,MI
1246,26037,Clinton,CLINTON,MI
1247,26039,Crawford,CRAWFORD,MI
1248,26041,Delta,DELTA,MI
1249,26043,Dickinson,DICKINSON,MI
1250,26045,Eaton,EATON,MI
1251,26047,Emmet,EMMET,MI
1252,26049,Genesee,GENESEE,MI
1253,26051,Gladwin,GLADWIN,MI
1254,26053,Gogebic,GOGEBIC,MI
1255,26055,Grand Traverse,GRAND TRAVERSE,MI
1256,26057,Gratiot,GRATIOT,MI
1257,26059,Hillsdale,HILLSDALE,MI
1258,26061,Houghton,HOUGHTON,MI
1259,26063,Huron,HURON,MI
1260,26065,Ingham,INGHAM,MI
1261,26067,Ionia,IONIA,MI
1262,26069,Iosco,IOSCO,MI
1263,26071,Iron,IRON,MI
1264,26073,Isabella,ISABELLA,MI
1265,26075,Jackson,JACKSON,MI
1266,26077,Kalamazoo,KALAMAZOO,MI
1267,26079,Kalkaska,KALKASKA,MI
1268,26081,Kent,KENT,MI
1269,26083,Keweenaw,KEWEENAW,MI
1270,26085,Lake,LAKE,MI
1271,26087,Lapeer,LAPEER,MI
1272,26089,Leelanau,LEELANAU,MI
1273,26091,Lenawee,LENAWEE,MI
1274,26093,Livingston,LIVINGSTON,MI
1275,26095,Luce,LUCE,MI
1276,26097,Mackinac,MACKINAC,MI
1277,26099,Macomb,MACOMB,MI
1278,26101,Manistee,MANISTEE,MI
1279,26103,Marquette,MARQUETTE,MI
1280,26105,Mason,MASON,MI
1281,26107,Mecosta,MECOSTA,MI
1282,26109,Menominee,MENOMINEE,MI
1283,26111,Midland,MIDLAND,MI
1284,26113,Missaukee,MISSAUKEE,MI
1285,26115,Monroe,MONROE,MI
1286,26117,Montcalm,MONTCALM,MI
1287,26119,Montmorency,MONTMORENCY,MI
1288,26121,Muskegon,MUSKEGON,MI
1289,26123,Newaygo,NEWAYGO,MI
1290,26125,Oakland,OAKLAND,MI
1291,26127,Oceana,OCEANA,MI
1292,26129,Ogemaw,OGEMAW,MI
1293,26131,Ontonagon,ONTONAGON,MI
1294,26133,Osceola,OSCEOLA,MI
1295,26135,Oscoda,OSCODA,MI
1296,26137,Otsego,OTSEGO,MI
1297,26139,Ottawa,OTTAWA,MI
1298,26141,Presque Isle,PRESQUE ISLE,MI
1299,26143,Roscommon,ROSCOMMON,MI
1300,26145,Saginaw,SAGINAW,MI
1301,26147,St Clair,ST CLAIR,MI
1302,26149,St Joseph,ST JOSEPH,MI
1303,26151,Sanilac,SANILAC,MI
1304,26153,Schoolcraft,SCHOOLCRAFT,MI
1305,26155,Shiawassee,SHIAWASSEE,MI
1306,26157,Tuscola,TUSCOLA,MI
1307,26159,Van Buren,VAN BUREN,MI
1308,26161,Washtenaw,WASHTENAW,MI
1309,26163,Wayne,WAYNE,MI
1310,26165,Wexford,WEXFORD,MI
1311,27001,Aitkin,AITKIN,MN
1312,27003,Anoka,ANOKA,MN
1313,27005,Becker,BECKER,MN
1314,27007,Beltrami,BELTRAMI,MN
1315,27009,Benton,BENTON,MN
1316,27011,Big Stone,BIG STONE,MN
1317,27013,Blue Earth,BLUE EARTH,MN
1318,27015,Brown,BROWN,MN
1319,27017,Carlton,CARLTON,MN
1320,27019,Carver,CARVER,MN
1321,27021,Cass,CASS,MN
1322,27023,Chippewa,CHIPPEWA,MN
1323,27025,Chisago,CHISAGO,MN
1324,27027,Clay,CLAY,MN
1325,27029,Clearwater,CLEARWATER,MN
1326,27031,Cook,COOK,MN
1327,27033,Cottonwood,COTTONWOOD,MN
1328,27035,Crow Wing,CROW WING,MN
1329,27037,Dakota,DAKOTA,MN
1330,27039,Dodge,DODGE,MN
1331,27041,Douglas,DOUGLAS,MN
1332,27043,Faribault,FARIBAULT,MN
1333,27045,Fillmore,FILLMORE,MN
1334,27047,Freeborn,FREEBORN,MN
1335,27049,Goodhue,GOODHUE,MN
1336,27051,Grant,GRANT,MN
1337,27053,Hennepin,HENNEPIN,MN
1338,27055,Houston,HOUSTON,MN
1339,27057,Hubbard,HUBBARD,MN
1340,27059,Isanti,ISANTI,MN
1341,27061,Itasca,ITASCA,MN
1342,27063,Jackson,JACKSON,MN
1343,27065,Kanabec,KANABEC,MN
1344,27067,Kandiyohi,KANDIYOHI,MN
1345,27069,Kittson,KITTSON,MN
1346,27071,Koochiching,KOOCHICHING,MN
1347,27073,Lac qui Parle,LAC QUI PARLE,MN
1348,27075,Lake,LAKE,MN
1349,27077,Lake of the Woods,LAKE OF THE WOODS,MN
1350,27079,Le Sueur,LE SUEUR,MN
1351,27081,Lincoln,LINCOLN,MN
1352,27083,Lyon,LYON,MN
1353,27085,McLeod,MCLEOD,MN
1354,27087,Mahnomen,MAHNOMEN,MN
1355,27089,Marshall,MARSHALL,MN
1356,27091,Martin,MARTIN,MN
1357,27093,Meeker,MEEKER,MN
1358,27095,Mille Lacs,MILLE LACS,MN
1359,27097,Morrison,MORRISON,MN
1360,27099,Mower,MOWER,MN
1361,27101,Murray,MURRAY,MN
1362,27103,Nicollet,NICOLLET,MN
1363,27105,Nobles,NOBLES,MN
1364,27107,Norman,NORMAN,MN
1365,27109,Olmsted,OLMSTED,MN
1366,27111,Otter Tail,OTTER TAIL,MN
1367,27113,Pennington,PENNINGTON,MN
1368,27115,Pine,PINE,MN
1369,27117,Pipestone,PIPESTONE,MN
1370,27119,Polk,POLK,MN
1371,27121,Pope,POPE,MN
1372,27123,Ramsey,RAMSEY,MN
1373,27125,Red Lake,RED LAKE,MN
1374,27127,Redwood,REDWOOD,MN
1375,27129,Renville,RENVILLE,MN
1376,27131,Rice,RICE,MN
1377,27133,Rock,ROCK,MN
1378,27135,Roseau,ROSEAU,MN
1379,27137,St Louis,ST LOUIS,MN
1380,27139,Scott,SCOTT,MN
1381,27141,Sherburne,SHERBURNE,MN
1382,27143,Sibley,SIBLEY,MN
1383,27145,Stearns,STEARNS,MN
1384,27147,Steele,STEELE,MN
1385,27149,Stevens,STEVENS,MN
1386,27151,Swift,SWIFT,MN
1387,27153,Todd,TODD,MN
1388,27155,Traverse,TRAVERSE,MN
1389,27157,Wabasha,WABASHA,MN
1390,27159,Wadena,WADENA,MN
1391,27161,Waseca,WASECA,MN
1392,27163,Washington,WASHINGTON,MN
1393,27165,Watonwan,WATONWAN,MN
1394,27167,Wilkin,WILKIN,MN
1395,27169,Winona,WINONA,MN
1396,27171,Wright,WRIGHT,MN
1397,27173,Yellow Medicine,YELLOW MEDICINE,MN
1398,28001,Adams,ADAMS,MS
1399,28003,Alcorn,ALCORN,MS
1400,28005,Amite,AMITE,MS
1401,28007,Attala,ATTALA,MS
1402,28009,Benton,BENTON,MS
1403,28011,Bolivar,BOLIVAR,MS
1404,28013,Calhoun,CALHOUN,MS
1405,28015,Carroll,CARROLL,MS
1406,28017,Chickasaw,CHICKASAW,MS
1407,28019,Choctaw,CHOCTAW,MS
1408,28021,Claiborne,CLAIBORNE,MS
1409,28023,Clarke,CLARKE,MS
1410,28025,Clay,CLAY,MS
1411,28027,Coahoma,COAHOMA,MS
1412,28029,Copiah,COPIAH,MS
1413,28031,Covington,COVINGTON,MS
1414,28033,De Soto,DE SOTO,MS
1415,28035,Forrest,FORREST,MS
1416,28037,Franklin,FRANKLIN,MS
1417,28039,George,GEORGE,MS
1418,28041,Greene,GREENE,MS
1419,28043,Grenada,GRENADA,MS
1420,28045,Hancock,HANCOCK,MS
1421,28047,Harrison,HARRISON,MS
1422,28049,Hinds,HINDS,MS
1423,28051,Holmes,HOLMES,MS
1424,28053,Humphreys,HUMPHREYS,MS
1425,28055,Issaquena,ISSAQUENA,MS
1426,28057,Itawamba,ITAWAMBA,MS
1427,28059,Jackson,JACKSON,MS
1428,28061,Jasper,JASPER,MS
1429,28063,Jefferson,JEFFERSON,MS
1430,28065,Jefferson Davis,JEFFERSON DAVIS,MS
1431,28067,Jones,JONES,MS
1432,28069,Kemper,KEMPER,MS
1433,28071,Lafayette,LAFAYETTE,MS
1434,28073,Lamar,LAMAR,MS
1435,28075,Lauderdale,LAUDERDALE,MS
1436,28077,Lawrence,LAWRENCE,MS
1437,28079,Leake,LEAKE,MS
1438,28081,Lee,LEE,MS
1439,28083,Leflore,LEFLORE,MS
1440,28085,Lincoln,LINCOLN,MS
1441,28087,Lowndes,LOWNDES,MS
1442,28089,Madison,MADISON,MS
1443,28091,Marion,MARION,MS
1444,28093,Marshall,MARSHALL,MS
1445,28095,Monroe,MONROE,MS
1446,28097,Montgomery,MONTGOMERY,MS
1447,28099,Neshoba,NESHOBA,MS
1448,28101,Newton,NEWTON,MS
1449,28103,Noxubee,NOXUBEE,MS
1450,28105,Oktibbeha,OKTIBBEHA,MS
1451,28107,Panola,PANOLA,MS
1452,28109,Pearl River,PEARL RIVER,MS
1453,28111,Perry,PERRY,MS
1454,28113,Pike,PIKE,MS
1455,28115,Pontotoc,PONTOTOC,MS
1456,28117,Prentiss,PRENTISS,MS
1457,28119,Quitman,QUITMAN,MS
1458,28121,Rankin,RANKIN,MS
1459,28123,Scott,SCOTT,MS
1460,28125,Sharkey,SHARKEY,MS
1461,28127,Simpson,SIMPSON,MS
1462,28129,Smith,SMITH,MS
1463,28131,Stone,STONE,MS
1464,28133,Sunflower,SUNFLOWER,MS
1465,28135,Tallahatchie,TALLAHATCHIE,MS
1466,28137,Tate,TATE,MS
1467,28139,Tippah,TIPPAH,MS
1468,28141,Tishomingo,TISHOMINGO,MS
1469,28143,Tunica,TUNICA,MS
1470,28145,Union,UNION,MS
1471,28147,Walthall,WALTHALL,MS
1472,28149,Warren,WARREN,MS
1473,28151,Washington,WASHINGTON,MS
1474,28153,Wayne,WAYNE,MS
1475,28155,Webster,WEBSTER,MS
1476,28157,Wilkinson,WILKINSON,MS
1477,28159,Winston,WINSTON,MS
1478,28161,Yalobusha,YALOBUSHA,MS
1479,28163,Yazoo,YAZOO,MS
1480,29001,Adair,ADAIR,MO
1481,29003,Andrew,ANDREW,MO
1482,29005,Atchison,ATCHISON,MO
1483,29007,Audrain,AUDRAIN,MO
1484,29009,Barry,BARRY,MO
1485,29011,Barton,BARTON,MO
1486,29013,Bates,BATES,MO
1487,29015,Benton,BENTON,MO
1488,29017,Bollinger,BOLLINGER,MO
1489,29019,Boone,BOONE,MO
1490,29021,Buchanan,BUCHANAN,MO
1491,29023,Butler,BUTLER,MO
1492,29025,Caldwell,CALDWELL,MO
1493,29027,Callaway,CALLAWAY,MO
1494,29029,Camden,CAMDEN,MO
1495,29031,Cape Girardeau,CAPE GIRARDEAU,MO
1496,29033,Carroll,CARROLL,MO
1497,29035,Carter,CARTER,MO
1498,29037,Cass,CASS,MO
1499,29039,Cedar,CEDAR,MO
1500,29041,Chariton,CHARITON,MO
1501,29043,Christian,CHRISTIAN,MO
1502,29045,Clark,CLARK,MO
1503,29047,Clay,CLAY,MO
1504,29049,Clinton,CLINTON,MO
1505,29051,Cole,COLE,MO
1506,29053,Cooper,COOPER,MO
1507,29055,Crawford,CRAWFORD,MO
1508,29057,Dade,DADE,MO
1509,29059,Dallas,DALLAS,MO
1510,29061,Daviess,DAVIESS,MO
1511,29063,De Kalb,DE KALB,MO
1512,29065,Dent,DENT,MO
1513,29067,Douglas,DOUGLAS,MO
1514,29069,Dunklin,DUNKLIN,MO
1515,29071,Franklin,FRANKLIN,MO
1516,29073,Gasconade,GASCONADE,MO
1517,29075,Gentry,GENTRY,MO
1518,29077,Greene,GREENE,MO
1519,29079,Grundy,GRUNDY,MO
1520,29081,Harrison,HARRISON,MO
1521,29083,Henry,HENRY,MO
1522,29085,Hickory,HICKORY,MO
1523,29087,Holt,HOLT,MO
1524,29089,Howard,HOWARD,MO
1525,29091,Howell,HOWELL,MO
1526,29093,Iron,IRON,MO
1527,29095,Jackson,JACKSON,MO
1528,29097,Jasper,JASPER,MO
1529,29099,Jefferson,JEFFERSON,MO
1530,29101,Johnson,JOHNSON,MO
1531,29103,Knox,KNOX,MO
1532,29105,Laclede,LACLEDE,MO
1533,29107,Lafayette,LAFAYETTE,MO
1534,29109,Lawrence,LAWRENCE,MO
1535,29111,Lewis,LEWIS,MO
1536,29113,Lincoln,LINCOLN,MO
1537,29115,Linn,LINN,MO
1538,29117,Livingston,LIVINGSTON,MO
1539,29119,McDonald,MCDONALD,MO
1540,29121,Macon,MACON,MO
1541,29123,Madison,MADISON,MO
1542,29125,Maries,MARIES,MO
1543,29127,Marion,MARION,MO
1544,29129,Mercer,MERCER,MO
1545,29131,Miller,MILLER,MO
1546,29133,Mississippi,MISSISSIPPI,MO
1547,29135,Moniteau,MONITEAU,MO
1548,29137,Monroe,MONROE,MO
1549,29139,Montgomery,MONTGOMERY,MO
1550,29141,Morgan,MORGAN,MO
1551,29143,New Madrid,NEW MADRID,MO
1552,29145,Newton,NEWTON,MO
1553,29147,Nodaway,NODAWAY,MO
1554,29149,Oregon,OREGON,MO
1555,29151,Osage,OSAGE,MO
1556,29153,Ozark,OZARK,MO
1557,29155,Pemiscot,PEMISCOT,MO
1558,29157,Perry,PERRY,MO
1559,29159,Pettis,PETTIS,MO
1560,29161,Phelps,PHELPS,MO
1561,29163,Pike,PIKE,MO
1562,29165,Platte,PLATTE,MO
1563,29167,Polk,POLK,MO
1564,29169,Pulaski,PULASKI,MO
1565,29171,Putnam,PUTNAM,MO
1566,29173,Ralls,RALLS,MO
1567,29175,Randolph,RANDOLPH,MO
1568,29177,Ray,RAY,MO
1569,29179,Reynolds,REYNOLDS,MO
1570,29181,Ripley,RIPLEY,MO
1571,29183,St Charles,ST CHARLES,MO
1572,29185,St Clair,ST CLAIR,MO
1573,29186,Ste. Genevieve,STE. GENEVIEVE,MO
1574,29187,St Francois,ST FRANCOIS,MO
1575,29189,St Louis,ST LOUIS,MO
1576,29195,Saline,SALINE,MO
1577,29197,Schuyler,SCHUYLER,MO
1578,29199,Scotland,SCOTLAND,MO
1579,29201,Scott,SCOTT,MO
1580,29203,Shannon,SHANNON,MO
1581,29205,Shelby,SHELBY,MO
1582,29207,Stoddard,STODDARD,MO
1583,29209,Stone,STONE,MO
1584,29211,Sullivan,SULLIVAN,MO
1585,29213,Taney,TANEY,MO
1586,29215,Texas,TEXAS,MO
1587,29217,Vernon,VERNON,MO
1588,29219,Warren,WARREN,MO
1589,29221,Washington,WASHINGTON,MO
1590,29223,Wayne,WAYNE,MO
1591,29225,Webster,WEBSTER,MO
1592,29227,Worth,WORTH,MO
1593,29229,Wright,WRIGHT,MO
1594,29510,St Louis City,ST LOUIS CITY,MO
1595,30001,Beaverhead,BEAVERHEAD,MT
1596,30003,Big Horn,BIG HORN,MT
1597,30005,Blaine,BLAINE,MT
1598,30007,Broadwater,BROADWATER,MT
1599,30009,Carbon,CARBON,MT
1600,30011,Carter,CARTER,MT
1601,30013,Cascade,CASCADE,MT
1602,30015,Chouteau,CHOUTEAU,MT
1603,30017,Custer,CUSTER,MT
1604,30019,Daniels,DANIELS,MT
1605,30021,Dawson,DAWSON,MT
1606,30023,Deer Lodge,DEER LODGE,MT
1607,30025,Fallon,FALLON,MT
1608,30027,Fergus,FERGUS,MT
1609,30029,Flathead,FLATHEAD,MT
1610,30031,Gallatin,GALLATIN,MT
1611,30033,Garfield,GARFIELD,MT
1612,30035,Glacier,GLACIER,MT
1613,30037,Golden Valley,GOLDEN VALLEY,MT
1614,30039,Granite,GRANITE,MT
1615,30041,Hill,HILL,MT
1616,30043,Jefferson,JEFFERSON,MT
1617,30045,Judith Basin,JUDITH BASIN,MT
1618,30047,Lake,LAKE,MT
1619,30049,Lewis and Clark,LEWIS AND CLARK,MT
1620,30051,Liberty,LIBERTY,MT
1621,30053,Lincoln,LINCOLN,MT
1622,30055,McCone,MCCONE,MT
1623,30057,Madison,MADISON,MT
1624,30059,Meagher,MEAGHER,MT
1625,30061,Mineral,MINERAL,MT
1626,30063,Missoula,MISSOULA,MT
1627,30065,Musselshell,MUSSELSHELL,MT
1628,30067,Park,PARK,MT
1629,30069,Petroleum,PETROLEUM,MT
1630,30071,Phillips,PHILLIPS,MT
1631,30073,Pondera,PONDERA,MT
1632,30075,Powder River,POWDER RIVER,MT
1633,30077,Powell,POWELL,MT
1634,30079,Prairie,PRAIRIE,MT
1635,30081,Ravalli,RAVALLI,MT
1636,30083,Richland,RICHLAND,MT
1637,30085,Roosevelt,ROOSEVELT,MT
1638,30087,Rosebud,ROSEBUD,MT
1639,30089,Sanders,SANDERS,MT
1640,30091,Sheridan,SHERIDAN,MT
1641,30093,Silver Bow,SILVER BOW,MT
1642,30095,Stillwater,STILLWATER,MT
1643,30097,Sweet Grass,SWEET GRASS,MT
1644,30099,Teton,TETON,MT
1645,30101,Toole,TOOLE,MT
1646,30103,Treasure,TREASURE,MT
1647,30105,Valley,VALLEY,MT
1648,30107,Wheatland,WHEATLAND,MT
1649,30109,Wibaux,WIBAUX,MT
1650,30111,Yellowstone,YELLOWSTONE,MT
1651,30113,Yellowstone Nat Park,YELLOWSTONE NAT PARK,MT
1652,31001,Adams,ADAMS,NE
1653,31003,Antelope,ANTELOPE,NE
1654,31005,Arthur,ARTHUR,NE
1655,31007,Banner,BANNER,NE
1656,31009,Blaine,BLAINE,NE
1657,31011,Boone,BOONE,NE
1658,31013,Box Butte,BOX BUTTE,NE
1659,31015,Boyd,BOYD,NE
1660,31017,Brown,BROWN,NE
1661,31019,Buffalo,BUFFALO,NE
1662,31021,Burt,BURT,NE
1663,31023,Butler,BUTLER,NE
1664,31025,Cass,CASS,NE
1665,31027,Cedar,CEDAR,NE
1666,31029,Chase,CHASE,NE
1667,31031,Cherry,CHERRY,NE
1668,31033,Cheyenne,CHEYENNE,NE
1669,31035,Clay,CLAY,NE
1670,31037,Colfax,COLFAX,NE
1671,31039,Cuming,CUMING,NE
1672,31041,Custer,CUSTER,NE
1673,31043,Dakota,DAKOTA,NE
1674,31045,Dawes,DAWES,NE
1675,31047,Dawson,DAWSON,NE
1676,31049,Deuel,DEUEL,NE
1677,31051,Dixon,DIXON,NE
1678,31053,Dodge,DODGE,NE
1679,31055,Douglas,DOUGLAS,NE
1680,31057,Dundy,DUNDY,NE
1681,31059,Fillmore,FILLMORE,NE
1682,31061,Franklin,FRANKLIN,NE
1683,31063,Frontier,FRONTIER,NE
1684,31065,Furnas,FURNAS,NE
1685,31067,Gage,GAGE,NE
1686,31069,Garden,GARDEN,NE
1687,31071,Garfield,GARFIELD,NE
1688,31073,Gosper,GOSPER,NE
1689,31075,Grant,GRANT,NE
1690,31077,Greeley,GREELEY,NE
1691,31079,Hall,HALL,NE
1692,31081,Hamilton,HAMILTON,NE
1693,31083,Harlan,HARLAN,NE
1694,31085,Hayes,HAYES,NE
1695,31087,Hitchcock,HITCHCOCK,NE
1696,31089,Holt,HOLT,NE
1697,31091,Hooker,HOOKER,NE
1698,31093,Howard,HOWARD,NE
1699,31095,Jefferson,JEFFERSON,NE
1700,31097,Johnson,JOHNSON,NE
1701,31099,Kearney,KEARNEY,NE
1702,31101,Keith,KEITH,NE
1703,31103,Keya Paha,KEYA PAHA,NE
1704,31105,Kimball,KIMBALL,NE
1705,31107,Knox,KNOX,NE
1706,31109,Lancaster,LANCASTER,NE
1707,31111,Lincoln,LINCOLN,NE
1708,31113,Logan,LOGAN,NE
1709,31115,Loup,LOUP,NE
1710,31117,McPherson,MCPHERSON,NE
1711,31119,Madison,MADISON,NE
1712,31121,Merrick,MERRICK,NE
1713,31123,Morrill,MORRILL,NE
1714,31125,Nance,NANCE,NE
1715,31127,Nemaha,NEMAHA,NE
1716,31129,Nuckolls,NUCKOLLS,NE
1717,31131,Otoe,OTOE,NE
1718,31133,Pawnee,PAWNEE,NE
1719,31135,Perkins,PERKINS,NE
1720,31137,Phelps,PHELPS,NE
1721,31139,Pierce,PIERCE,NE
1722,31141,Platte,PLATTE,NE
1723,31143,Polk,POLK,NE
1724,31145,Red Willow,RED WILLOW,NE
1725,31147,Richardson,RICHARDSON,NE
1726,31149,Rock,ROCK,NE
1727,31151,Saline,SALINE,NE
1728,31153,Sarpy,SARPY,NE
1729,31155,Saunders,SAUNDERS,NE
1730,31157,Scotts Bluff,SCOTTS BLUFF,NE
1731,31159,Seward,SEWARD,NE
1732,31161,Sheridan,SHERIDAN,NE
1733,31163,Sherman,SHERMAN,NE
1734,31165,Sioux,SIOUX,NE
1735,31167,Stanton,STANTON,NE
1736,31169,Thayer,THAYER,NE
1737,31171,Thomas,THOMAS,NE
1738,31173,Thurston,THURSTON,NE
1739,31175,Valley,VALLEY,NE
1740,31177,Washington,WASHINGTON,NE
1741,31179,Wayne,WAYNE,NE
1742,31181,Webster,WEBSTER,NE
1743,31183,Wheeler,WHEELER,NE
1744,31185,York,YORK,NE
1745,32001,Churchill,CHURCHILL,NV
1746,32003,Clark,CLARK,NV
1747,32005,Douglas,DOUGLAS,NV
1748,32007,Elko,ELKO,NV
1749,32009,Esmeralda,ESMERALDA,NV
1750,32011,Eureka,EUREKA,NV
1751,32013,Humboldt,HUMBOLDT,NV
1752,32015,Lander,LANDER,NV
1753,32017,Lincoln,LINCOLN,NV
1754,32019,Lyon,LYON,NV
1755,32021,Mineral,MINERAL,NV
1756,32023,Nye,NYE,NV
1757,32027,Pershing,PERSHING,NV
1758,32029,Storey,STOREY,NV
1759,32031,Washoe,WASHOE,NV
1760,32033,White Pine,WHITE PINE,NV
1761,32510,Carson City,CARSON CITY,NV
1762,33001,Belknap,BELKNAP,NH
1763,33003,Carroll,CARROLL,NH
1764,33005,Cheshire,CHESHIRE,NH
1765,33007,Coos,COOS,NH
1766,33009,Grafton,GRAFTON,NH
1767,33011,Hillsborough,HILLSBOROUGH,NH
1768,33013,Merrimack,MERRIMACK,NH
1769,33015,Rockingham,ROCKINGHAM,NH
1770,33017,Strafford,STRAFFORD,NH
1771,33019,Sullivan,SULLIVAN,NH
1772,34001,Atlantic,ATLANTIC,NJ
1773,34003,Bergen,BERGEN,NJ
1774,34005,Burlington,BURLINGTON,NJ
1775,34007,Camden,CAMDEN,NJ
1776,34009,Cape May,CAPE MAY,NJ
1777,34011,Cumberland,CUMBERLAND,NJ
1778,34013,Essex,ESSEX,NJ
1779,34015,Gloucester,GLOUCESTER,NJ
1780,34017,Hudson,HUDSON,NJ
1781,34019,Hunterdon,HUNTERDON,NJ
1782,34021,Mercer,MERCER,NJ
1783,34023,Middlesex,MIDDLESEX,NJ
1784,34025,Monmouth,MONMOUTH,NJ
1785,34027,Morris,MORRIS,NJ
1786,34029,Ocean,OCEAN,NJ
1787,34031,Passaic,PASSAIC,NJ
1788,34033,Salem,SALEM,NJ
1789,34035,Somerset,SOMERSET,NJ
1790,34037,Sussex,SUSSEX,NJ
1791,34039,Union,UNION,NJ
1792,34041,Warren,WARREN,NJ
1793,35001,Bernalillo,BERNALILLO,NM
1794,35003,Catron,CATRON,NM
1795,35005,Chaves,CHAVES,NM
1796,35006,Cibola,CIBOLA,NM
1797,35007,Colfax,COLFAX,NM
1798,35009,Curry,CURRY,NM
1799,35011,De Baca,DE BACA,NM
1800,35013,Dona Ana,DONA ANA,NM
1801,35015,Eddy,EDDY,NM
1802,35017,Grant,GRANT,NM
1803,35019,Guadalupe,GUADALUPE,NM
1804,35021,Harding,HARDING,NM
1805,35023,Hidalgo,HIDALGO,NM
1806,35025,Lea,LEA,NM
1807,35027,Lincoln,LINCOLN,NM
1808,35028,Los Alamos,LOS ALAMOS,NM
1809,35029,Luna,LUNA,NM
1810,35031,McKinley,MCKINLEY,NM
1811,35033,Mora,MORA,NM
1812,35035,Otero,OTERO,NM
1813,35037,Quay,QUAY,NM
1814,35039,Rio Arriba,RIO ARRIBA,NM
1815,35041,Roosevelt,ROOSEVELT,NM
1816,35043,Sandoval,SANDOVAL,NM
1817,35045,San Juan,SAN JUAN,NM
1818,35047,San Miguel,SAN MIGUEL,NM
1819,35049,Santa Fe,SANTA FE,NM
1820,35051,Sierra,SIERRA,NM
1821,35053,Socorro,SOCORRO,NM
1822,35055,Taos,TAOS,NM
1823,35057,Torrance,TORRANCE,NM
1824,35059,Union,UNION,NM
1825,35061,Valencia,VALENCIA,NM
1826,36001,Albany,ALBANY,NY
1827,36003,Allegany,ALLEGANY,NY
1828,36005,Bronx,BRONX,NY
1829,36007,Broome,BROOME,NY
1830,36009,Cattaraugus,CATTARAUGUS,NY
1831,36011,Cayuga,CAYUGA,NY
1832,36013,Chautauqua,CHAUTAUQUA,NY
1833,36015,Chemung,CHEMUNG,NY
1834,36017,Chenango,CHENANGO,NY
1835,36019,Clinton,CLINTON,NY
1836,36021,Columbia,COLUMBIA,NY
1837,36023,Cortland,CORTLAND,NY
1838,36025,Delaware,DELAWARE,NY
1839,36027,Dutchess,DUTCHESS,NY
1840,36029,Erie,ERIE,NY
1841,36031,Essex,ESSEX,NY
1842,36033,Franklin,FRANKLIN,NY
1843,36035,Fulton,FULTON,NY
1844,36037,Genesee,GENESEE,NY
1845,36039,Greene,GREENE,NY
1846,36041,Hamilton,HAMILTON,NY
1847,36043,Herkimer,HERKIMER,NY
1848,36045,Jefferson,JEFFERSON,NY
1849,36047,Kings,KINGS,NY
1850,36049,Lewis,LEWIS,NY
1851,36051,Livingston,LIVINGSTON,NY
1852,36053,Madison,MADISON,NY
1853,36055,Monroe,MONROE,NY
1854,36057,Montgomery,MONTGOMERY,NY
1855,36059,Nassau,NASSAU,NY
1856,36061,New York,NEW YORK,NY
1857,36063,Niagara,NIAGARA,NY
1858,36065,Oneida,ONEIDA,NY
1859,36067,Onondaga,ONONDAGA,NY
1860,36069,Ontario,ONTARIO,NY
1861,36071,Orange,ORANGE,NY
1862,36073,Orleans,ORLEANS,NY
1863,36075,Oswego,OSWEGO,NY
1864,36077,Otsego,OTSEGO,NY
1865,36079,Putnam,PUTNAM,NY
1866,36081,Queens,QUEENS,NY
1867,36083,Rensselaer,RENSSELAER,NY
1868,36085,Richmond,RICHMOND,NY
1869,36087,Rockland,ROCKLAND,NY
1870,36089,St Lawrence,ST LAWRENCE,NY
1871,36091,Saratoga,SARATOGA,NY
1872,36093,Schenectady,SCHENECTADY,NY
1873,36095,Schoharie,SCHOHARIE,NY
1874,36097,Schuyler,SCHUYLER,NY
1875,36099,Seneca,SENECA,NY
1876,36101,Steuben,STEUBEN,NY
1877,36103,Suffolk,SUFFOLK,NY
1878,36105,Sullivan,SULLIVAN,NY
1879,36107,Tioga,TIOGA,NY
1880,36109,Tompkins,TOMPKINS,NY
1881,36111,Ulster,ULSTER,NY
1882,36113,Warren,WARREN,NY
1883,36115,Washington,WASHINGTON,NY
1884,36117,Wayne,WAYNE,NY
1885,36119,Westchester,WESTCHESTER,NY
1886,36121,Wyoming,WYOMING,NY
1887,36123,Yates,YATES,NY
1888,37001,Alamance,ALAMANCE,NC
1889,37003,Alexander,ALEXANDER,NC
1890,37005,Alleghany,ALLEGHANY,NC
1891,37007,Anson,ANSON,NC
1892,37009,Ashe,ASHE,NC
1893,37011,Avery,AVERY,NC
1894,37013,Beaufort,BEAUFORT,NC
1895,37015,Bertie,BERTIE,NC
1896,37017,Bladen,BLADEN,NC
1897,37019,Brunswick,BRUNSWICK,NC
1898,37021,Buncombe,BUNCOMBE,NC
1899,37023,Burke,BURKE,NC
1900,37025,Cabarrus,CABARRUS,NC
1901,37027,Caldwell,CALDWELL,NC
1902,37029,Camden,CAMDEN,NC
1903,37031,Carteret,CARTERET,NC
1904,37033,Caswell,CASWELL,NC
1905,37035,Catawba,CATAWBA,NC
1906,37037,Chatham,CHATHAM,NC
1907,37039,Cherokee,CHEROKEE,NC
1908,37041,Chowan,CHOWAN,NC
1909,37043,Clay,CLAY,NC
1910,37045,Cleveland,CLEVELAND,NC
1911,37047,Columbus,COLUMBUS,NC
1912,37049,Craven,CRAVEN,NC
1913,37051,Cumberland,CUMBERLAND,NC
1914,37053,Currituck,CURRITUCK,NC
1915,37055,Dare,DARE,NC
1916,37057,Davidson,DAVIDSON,NC
1917,37059,Davie,DAVIE,NC
1918,37061,Duplin,DUPLIN,NC
1919,37063,Durham,DURHAM,NC
1920,37065,Edgecombe,EDGECOMBE,NC
1921,37067,Forsyth,FORSYTH,NC
1922,37069,Franklin,FRANKLIN,NC
1923,37071,Gaston,GASTON,NC
1924,37073,Gates,GATES,NC
1925,37075,Graham,GRAHAM,NC
1926,37077,Granville,GRANVILLE,NC
1927,37079,Greene,GREENE,NC
1928,37081,Guilford,GUILFORD,NC
1929,37083,Halifax,HALIFAX,NC
1930,37085,Harnett,HARNETT,NC
1931,37087,Haywood,HAYWOOD,NC
1932,37089,Henderson,HENDERSON,NC
1933,37091,Hertford,HERTFORD,NC
1934,37093,Hoke,HOKE,NC
1935,37095,Hyde,HYDE,NC
1936,37097,Iredell,IREDELL,NC
1937,37099,Jackson,JACKSON,NC
1938,37101,Johnston,JOHNSTON,NC
1939,37103,Jones,JONES,NC
1940,37105,Lee,LEE,NC
1941,37107,Lenoir,LENOIR,NC
1942,37109,Lincoln,LINCOLN,NC
1943,37111,McDowell,MCDOWELL,NC
1944,37113,Macon,MACON,NC
1945,37115,Madison,MADISON,NC
1946,37117,Martin,MARTIN,NC
1947,37119,Mecklenburg,MECKLENBURG,NC
1948,37121,Mitchell,MITCHELL,NC
1949,37123,Montgomery,MONTGOMERY,NC
1950,37125,Moore,MOORE,NC
1951,37127,Nash,NASH,NC
1952,37129,New Hanover,NEW HANOVER,NC
1953,37131,Northampton,NORTHAMPTON,NC
1954,37133,Onslow,ONSLOW,NC
1955,37135,Orange,ORANGE,NC
1956,37137,Pamlico,PAMLICO,NC
1957,37139,Pasquotank,PASQUOTANK,NC
1958,37141,Pender,PENDER,NC
1959,37143,Perquimans,PERQUIMANS,NC
1960,37145,Person,PERSON,NC
1961,37147,Pitt,PITT,NC
1962,37149,Polk,POLK,NC
1963,37151,Randolph,RANDOLPH,NC
1964,37153,Richmond,RICHMOND,NC
1965,37155,Robeson,ROBESON,NC
1966,37157,Rockingham,ROCKINGHAM,NC
1967,37159,Rowan,ROWAN,NC
1968,37161,Rutherford,RUTHERFORD,NC
1969,37163,Sampson,SAMPSON,NC
1970,37165,Scotland,SCOTLAND,NC
1971,37167,Stanly,STANLY,NC
1972,37169,Stokes,STOKES,NC
1973,37171,Surry,SURRY,NC
1974,37173,Swain,SWAIN,NC
1975,37175,Transylvania,TRANSYLVANIA,NC
1976,37177,Tyrrell,TYRRELL,NC
1977,37179,Union,UNION,NC
1978,37181,Vance,VANCE,NC
1979,37183,Wake,WAKE,NC
1980,37185,Warren,WARREN,NC
1981,37187,Washington,WASHINGTON,NC
1982,37189,Watauga,WATAUGA,NC
1983,37191,Wayne,WAYNE,NC
1984,37193,Wilkes,WILKES,NC
1985,37195,Wilson,WILSON,NC
1986,37197,Yadkin,YADKIN,NC
1987,37199,Yancey,YANCEY,NC
1988,38001,Adams,ADAMS,ND
1989,38003,Barnes,BARNES,ND
1990,38005,Benson,BENSON,ND
1991,38007,Billings,BILLINGS,ND
1992,38009,Bottineau,BOTTINEAU,ND
1993,38011,Bowman,BOWMAN,ND
1994,38013,Burke,BURKE,ND
1995,38015,Burleigh,BURLEIGH,ND
1996,38017,Cass,CASS,ND
1997,38019,Cavalier,CAVALIER,ND
1998,38021,Dickey,DICKEY,ND
1999,38023,Divide,DIVIDE,ND
2000,38025,Dunn,DUNN,ND
2001,38027,Eddy,EDDY,ND
2002,38029,Emmons,EMMONS,ND
2003,38031,Foster,FOSTER,ND
2004,38033,Golden Valley,GOLDEN VALLEY,ND
2005,38035,Grand Forks,GRAND FORKS,ND
2006,38037,Grant,GRANT,ND
2007,38039,Griggs,GRIGGS,ND
2008,38041,Hettinger,HETTINGER,ND
2009,38043,Kidder,KIDDER,ND
2010,38045,La Moure,LA MOURE,ND
2011,38047,Logan,LOGAN,ND
2012,38049,McHenry,MCHENRY,ND
2013,38051,McIntosh,MCINTOSH,ND
2014,38053,McKenzie,MCKENZIE,ND
2015,38055,McLean,MCLEAN,ND
2016,38057,Mercer,MERCER,ND
2017,38059,Morton,MORTON,ND
2018,38061,Mountrail,MOUNTRAIL,ND
2019,38063,Nelson,NELSON,ND
2020,38065,Oliver,OLIVER,ND
2021,38067,Pembina,PEMBINA,ND
2022,38069,Pierce,PIERCE,ND
2023,38071,Ramsey,RAMSEY,ND
2024,38073,Ransom,RANSOM,ND
2025,38075,Renville,RENVILLE,ND
2026,38077,Richland,RICHLAND,ND
2027,38079,Rolette,ROLETTE,ND
2028,38081,Sargent,SARGENT,ND
2029,38083,Sheridan,SHERIDAN,ND
2030,38085,Sioux,SIOUX,ND
2031,38087,Slope,SLOPE,ND
2032,38089,Stark,STARK,ND
2033,38091,Steele,STEELE,ND
2034,38093,Stutsman,STUTSMAN,ND
2035,38095,Towner,TOWNER,ND
2036,38097,Traill,TRAILL,ND
2037,38099,Walsh,WALSH,ND
2038,38101,Ward,WARD,ND
2039,38103,Wells,WELLS,ND
2040,38105,Williams,WILLIAMS,ND
2041,39001,Adams,ADAMS,OH
2042,39003,Allen,ALLEN,OH
2043,39005,Ashland,ASHLAND,OH
2044,39007,Ashtabula,ASHTABULA,OH
2045,39009,Athens,ATHENS,OH
2046,39011,Auglaize,AUGLAIZE,OH
2047,39013,Belmont,BELMONT,OH
2048,39015,Brown,BROWN,OH
2049,39017,Butler,BUTLER,OH
2050,39019,Carroll,CARROLL,OH
2051,39021,Champaign,CHAMPAIGN,OH
2052,39023,Clark,CLARK,OH
2053,39025,Clermont,CLERMONT,OH
2054,39027,Clinton,CLINTON,OH
2055,39029,Columbiana,COLUMBIANA,OH
2056,39031,Coshocton,COSHOCTON,OH
2057,39033,Crawford,CRAWFORD,OH
2058,39035,Cuyahoga,CUYAHOGA,OH
2059,39037,Darke,DARKE,OH
2060,39039,Defiance,DEFIANCE,OH
2061,39041,Delaware,DELAWARE,OH
2062,39043,Erie,ERIE,OH
2063,39045,Fairfield,FAIRFIELD,OH
2064,39047,Fayette,FAYETTE,OH
2065,39049,Franklin,FRANKLIN,OH
2066,39051,Fulton,FULTON,OH
2067,39053,Gallia,GALLIA,OH
2068,39055,Geauga,GEAUGA,OH
2069,39057,Greene,GREENE,OH
2070,39059,Guernsey,GUERNSEY,OH
2071,39061,Hamilton,HAMILTON,OH
2072,39063,Hancock,HANCOCK,OH
2073,39065,Hardin,HARDIN,OH
2074,39067,Harrison,HARRISON,OH
2075,39069,Henry,HENRY,OH
2076,39071,Highland,HIGHLAND,OH
2077,39073,Hocking,HOCKING,OH
2078,39075,Holmes,HOLMES,OH
2079,39077,Huron,HURON,OH
2080,39079,Jackson,JACKSON,OH
2081,39081,Jefferson,JEFFERSON,OH
2082,39083,Knox,KNOX,OH
2083,39085,Lake,LAKE,OH
2084,39087,Lawrence,LAWRENCE,OH
2085,39089,Licking,LICKING,OH
2086,39091,Logan,LOGAN,OH
2087,39093,Lorain,LORAIN,OH
2088,39095,Lucas,LUCAS,OH
2089,39097,Madison,MADISON,OH
2090,39099,Mahoning,MAHONING,OH
2091,39101,Marion,MARION,OH
2092,39103,Medina,MEDINA,OH
2093,39105,Meigs,MEIGS,OH
2094,39107,Mercer,MERCER,OH
2095,39109,Miami,MIAMI,OH
2096,39111,Monroe,MONROE,OH
2097,39113,Montgomery,MONTGOMERY,OH
2098,39115,Morgan,MORGAN,OH
2099,39117,Morrow,MORROW,OH
2100,39119,Muskingum,MUSKINGUM,OH
2101,39121,Noble,NOBLE,OH
2102,39123,Ottawa,OTTAWA,OH
2103,39125,Paulding,PAULDING,OH
2104,39127,Perry,PERRY,OH
2105,39129,Pickaway,PICKAWAY,OH
2106,39131,Pike,PIKE,OH
2107,39133,Portage,PORTAGE,OH
2108,39135,Preble,PREBLE,OH
2109,39137,Putnam,PUTNAM,OH
2110,39139,Richland,RICHLAND,OH
2111,39141,Ross,ROSS,OH
2112,39143,Sandusky,SANDUSKY,OH
2113,39145,Scioto,SCIOTO,OH
2114,39147,Seneca,SENECA,OH
2115,39149,Shelby,SHELBY,OH
2116,39151,Stark,STARK,OH
2117,39153,Summit,SUMMIT,OH
2118,39155,Trumbull,TRUMBULL,OH
2119,39157,Tuscarawas,TUSCARAWAS,OH
2120,39159,Union,UNION,OH
2121,39161,Van Wert,VAN WERT,OH
2122,39163,Vinton,VINTON,OH
2123,39165,Warren,WARREN,OH
2124,39167,Washington,WASHINGTON,OH
2125,39169,Wayne,WAYNE,OH
2126,39171,Williams,WILLIAMS,OH
2127,39173,Wood,WOOD,OH
2128,39175,Wyandot,WYANDOT,OH
2129,40001,Adair,ADAIR,OK
2130,40003,Alfalfa,ALFALFA,OK
2131,40005,Atoka,ATOKA,OK
2132,40007,Beaver,BEAVER,OK
2133,40009,Beckham,BECKHAM,OK
2134,40011,Blaine,BLAINE,OK
2135,40013,Bryan,BRYAN,OK
2136,40015,Caddo,CADDO,OK
2137,40017,Canadian,CANADIAN,OK
2138,40019,Carter,CARTER,OK
2139,40021,Cherokee,CHEROKEE,OK
2140,40023,Choctaw,CHOCTAW,OK
2141,40025,Cimarron,CIMARRON,OK
2142,40027,Cleveland,CLEVELAND,OK
2143,40029,Coal,COAL,OK
2144,40031,Comanche,COMANCHE,OK
2145,40033,Cotton,COTTON,OK
2146,40035,Craig,CRAIG,OK
2147,40037,Creek,CREEK,OK
2148,40039,Custer,CUSTER,OK
2149,40041,Delaware,DELAWARE,OK
2150,40043,Dewey,DEWEY,OK
2151,40045,Ellis,ELLIS,OK
2152,40047,Garfield,GARFIELD,OK
2153,40049,Garvin,GARVIN,OK
2154,40051,Grady,GRADY,OK
2155,40053,Grant,GRANT,OK
2156,40055,Greer,GREER,OK
2157,40057,Harmon,HARMON,OK
2158,40059,Harper,HARPER,OK
2159,40061,Haskell,HASKELL,OK
2160,40063,Hughes,HUGHES,OK
2161,40065,Jackson,JACKSON,OK
2162,40067,Jefferson,JEFFERSON,OK
2163,40069,Johnston,JOHNSTON,OK
2164,40071,Kay,KAY,OK
2165,40073,Kingfisher,KINGFISHER,OK
2166,40075,Kiowa,KIOWA,OK
2167,40077,Latimer,LATIMER,OK
2168,40079,Le Flore,LE FLORE,OK
2169,40081,Lincoln,LINCOLN,OK
2170,40083,Logan,LOGAN,OK
2171,40085,Love,LOVE,OK
2172,40087,McClain,MCCLAIN,OK
2173,40089,McCurtain,MCCURTAIN,OK
2174,40091,McIntosh,MCINTOSH,OK
2175,40093,Major,MAJOR,OK
2176,40095,Marshall,MARSHALL,OK
2177,40097,Mayes,MAYES,OK
2178,40099,Murray,MURRAY,OK
2179,40101,Muskogee,MUSKOGEE,OK
2180,40103,Noble,NOBLE,OK
2181,40105,Nowata,NOWATA,OK
2182,40107,Okfuskee,OKFUSKEE,OK
2183,40109,Oklahoma,OKLAHOMA,OK
2184,40111,Okmulgee,OKMULGEE,OK
2185,40113,Osage,OSAGE,OK
2186,40115,Ottawa,OTTAWA,OK
2187,40117,Pawnee,PAWNEE,OK
2188,40119,Payne,PAYNE,OK
2189,40121,Pittsburg,PITTSBURG,OK
2190,40123,Pontotoc,PONTOTOC,OK
2191,40125,Pottawatomie,POTTAWATOMIE,OK
2192,40127,Pushmataha,PUSHMATAHA,OK
2193,40129,Roger Mills,ROGER MILLS,OK
2194,40131,Rogers,ROGERS,OK
2195,40133,Seminole,SEMINOLE,OK
2196,40135,Sequoyah,SEQUOYAH,OK
2197,40137,Stephens,STEPHENS,OK
2198,40139,Texas,TEXAS,OK
2199,40141,Tillman,TILLMAN,OK
2200,40143,Tulsa,TULSA,OK
2201,40145,Wagoner,WAGONER,OK
2202,40147,Washington,WASHINGTON,OK
2203,40149,Washita,WASHITA,OK
2204,40151,Woods,WOODS,OK
2205,40153,Woodward,WOODWARD,OK
2206,41001,Baker,BAKER,OR
2207,41003,Benton,BENTON,OR
2208,41005,Clackamas,CLACKAMAS,OR
2209,41007,Clatsop,CLATSOP,OR
2210,41009,Columbia,COLUMBIA,OR
2211,41011,Coos,COOS,OR
2212,41013,Crook,CROOK,OR
2213,41015,Curry,CURRY,OR
2214,41017,Deschutes,DESCHUTES,OR
2215,41019,Douglas,DOUGLAS,OR
2216,41021,Gilliam,GILLIAM,OR
2217,41023,Grant,GRANT,OR
2218,41025,Harney,HARNEY,OR
2219,41027,Hood River,HOOD RIVER,OR
2220,41029,Jackson,JACKSON,OR
2221,41031,Jefferson,JEFFERSON,OR
2222,41033,Josephine,JOSEPHINE,OR
2223,41035,Klamath,KLAMATH,OR
2224,41037,Lake,LAKE,OR
2225,41039,Lane,LANE,OR
2226,41041,Lincoln,LINCOLN,OR
2227,41043,Linn,LINN,OR
2228,41045,Malheur,MALHEUR,OR
2229,41047,Marion,MARION,OR
2230,41049,Morrow,MORROW,OR
2231,41051,Multnomah,MULTNOMAH,OR
2232,41053,Polk,POLK,OR
2233,41055,Sherman,SHERMAN,OR
2234,41057,Tillamook,TILLAMOOK,OR
2235,41059,Umatilla,UMATILLA,OR
2236,41061,Union,UNION,OR
2237,41063,Wallowa,WALLOWA,OR
2238,41065,Wasco,WASCO,OR
2239,41067,Washington,WASHINGTON,OR
2240,41069,Wheeler,WHEELER,OR
2241,41071,Yamhill,YAMHILL,OR
2242,42001,Adams,ADAMS,PA
2243,42003,Allegheny,ALLEGHENY,PA
2244,42005,Armstrong,ARMSTRONG,PA
2245,42007,Beaver,BEAVER,PA
2246,42009,Bedford,BEDFORD,PA
2247,42011,Berks,BERKS,PA
2248,42013,Blair,BLAIR,PA
2249,42015,Bradford,BRADFORD,PA
2250,42017,Bucks,BUCKS,PA
2251,42019,Butler,BUTLER,PA
2252,42021,Cambria,CAMBRIA,PA
2253,42023,Cameron,CAMERON,PA
2254,42025,Carbon,CARBON,PA
2255,42027,Centre,CENTRE,PA
2256,42029,Chester,CHESTER,PA
2257,42031,Clarion,CLARION,PA
2258,42033,Clearfield,CLEARFIELD,PA
2259,42035,Clinton,CLINTON,PA
2260,42037,Columbia,COLUMBIA,PA
2261,42039,Crawford,CRAWFORD,PA
2262,42041,Cumberland,CUMBERLAND,PA
2263,42043,Dauphin,DAUPHIN,PA
2264,42045,Delaware,DELAWARE,PA
2265,42047,Elk,ELK,PA
2266,42049,Erie,ERIE,PA
2267,42051,Fayette,FAYETTE,PA
2268,42053,Forest,FOREST,PA
2269,42055,Franklin,FRANKLIN,PA
2270,42057,Fulton,FULTON,PA
2271,42059,Greene,GREENE,PA
2272,42061,Huntingdon,HUNTINGDON,PA
2273,42063,Indiana,INDIANA,PA
2274,42065,Jefferson,JEFFERSON,PA
2275,42067,Juniata,JUNIATA,PA
2276,42069,Lackawanna,LACKAWANNA,PA
2277,42071,Lancaster,LANCASTER,PA
2278,42073,Lawrence,LAWRENCE,PA
2279,42075,Lebanon,LEBANON,PA
2280,42077,Lehigh,LEHIGH,PA
2281,42079,Luzerne,LUZERNE,PA
2282,42081,Lycoming,LYCOMING,PA
2283,42083,McKean,MCKEAN,PA
2284,42085,Mercer,MERCER,PA
2285,42087,Mifflin,MIFFLIN,PA
2286,42089,Monroe,MONROE,PA
2287,42091,Montgomery,MONTGOMERY,PA
2288,42093,Montour,MONTOUR,PA
2289,42095,Northampton,NORTHAMPTON,PA
2290,42097,Northumberland,NORTHUMBERLAND,PA
2291,42099,Perry,PERRY,PA
2292,42101,Philadelphia,PHILADELPHIA,PA
2293,42103,Pike,PIKE,PA
2294,42105,Potter,POTTER,PA
2295,42107,Schuylkill,SCHUYLKILL,PA
2296,42109,Snyder,SNYDER,PA
2297,42111,Somerset,SOMERSET,PA
2298,42113,Sullivan,SULLIVAN,PA
2299,42115,Susquehanna,SUSQUEHANNA,PA
2300,42117,Tioga,TIOGA,PA
2301,42119,Union,UNION,PA
2302,42121,Venango,VENANGO,PA
2303,42123,Warren,WARREN,PA
2304,42125,Washington,WASHINGTON,PA
2305,42127,Wayne,WAYNE,PA
2306,42129,Westmoreland,WESTMORELAND,PA
2307,42131,Wyoming,WYOMING,PA
2308,42133,York,YORK,PA
2309,44001,Bristol,BRISTOL,RI
2310,44003,Kent,KENT,RI
2311,44005,Newport,NEWPORT,RI
2312,44007,Providence,PROVIDENCE,RI
2313,44009,Washington,WASHINGTON,RI
2314,45001,Abbeville,ABBEVILLE,SC
2315,45003,Aiken,AIKEN,SC
2316,45005,Allendale,ALLENDALE,SC
2317,45007,Anderson,ANDERSON,SC
2318,45009,Bamberg,BAMBERG,SC
2319,45011,Barnwell,BARNWELL,SC
2320,45013,Beaufort,BEAUFORT,SC
2321,45015,Berkeley,BERKELEY,SC
2322,45017,Calhoun,CALHOUN,SC
2323,45019,Charleston,CHARLESTON,SC
2324,45021,Cherokee,CHEROKEE,SC
2325,45023,Chester,CHESTER,SC
2326,45025,Chesterfield,CHESTERFIELD,SC
2327,45027,Clarendon,CLARENDON,SC
2328,45029,Colleton,COLLETON,SC
2329,45031,Darlington,DARLINGTON,SC
2330,45033,Dillon,DILLON,SC
2331,45035,Dorchester,DORCHESTER,SC
2332,45037,Edgefield,EDGEFIELD,SC
2333,45039,Fairfield,FAIRFIELD,SC
2334,45041,Florence,FLORENCE,SC
2335,45043,Georgetown,GEORGETOWN,SC
2336,45045,Greenville,GREENVILLE,SC
2337,45047,Greenwood,GREENWOOD,SC
2338,45049,Hampton,HAMPTON,SC
2339,45051,Horry,HORRY,SC
2340,45053,Jasper,JASPER,SC
2341,45055,Kershaw,KERSHAW,SC
2342,45057,Lancaster,LANCASTER,SC
2343,45059,Laurens,LAURENS,SC
2344,45061,Lee,LEE,SC
2345,45063,Lexington,LEXINGTON,SC
2346,45065,McCormick,MCCORMICK,SC
2347,45067,Marion,MARION,SC
2348,45069,Marlboro,MARLBORO,SC
2349,45071,Newberry,NEWBERRY,SC
2350,45073,Oconee,OCONEE,SC
2351,45075,Orangeburg,ORANGEBURG,SC
2352,45077,Pickens,PICKENS,SC
2353,45079,Richland,RICHLAND,SC
2354,45081,Saluda,SALUDA,SC
2355,45083,Spartanburg,SPARTANBURG,SC
2356,45085,Sumter,SUMTER,SC
2357,45087,Union,UNION,SC
2358,45089,Williamsburg,WILLIAMSBURG,SC
2359,45091,York,YORK,SC
2360,46003,Aurora,AURORA,SD
2361,46005,Beadle,BEADLE,SD
2362,46007,Bennett,BENNETT,SD
2363,46009,Bon Homme,BON HOMME,SD
2364,46011,Brookings,BROOKINGS,SD
2365,46013,Brown,BROWN,SD
2366,46015,Brule,BRULE,SD
2367,46017,Buffalo,BUFFALO,SD
2368,46019,Butte,BUTTE,SD
2369,46021,Campbell,CAMPBELL,SD
2370,46023,Charles Mix,CHARLES MIX,SD
2371,46025,Clark,CLARK,SD
2372,46027,Clay,CLAY,SD
2373,46029,Codington,CODINGTON,SD
2374,46031,Corson,CORSON,SD
2375,46033,Custer,CUSTER,SD
2376,46035,Davison,DAVISON,SD
2377,46037,Day,DAY,SD
2378,46039,Deuel,DEUEL,SD
2379,46041,Dewey,DEWEY,SD
2380,46043,Douglas,DOUGLAS,SD
2381,46045,Edmunds,EDMUNDS,SD
2382,46047,Fall River,FALL RIVER,SD
2383,46049,Faulk,FAULK,SD
2384,46051,Grant,GRANT,SD
2385,46053,Gregory,GREGORY,SD
2386,46055,Haakon,HAAKON,SD
2387,46057,Hamlin,HAMLIN,SD
2388,46059,Hand,HAND,SD
2389,46061,Hanson,HANSON,SD
2390,46063,Harding,HARDING,SD
2391,46065,Hughes,HUGHES,SD
2392,46067,Hutchinson,HUTCHINSON,SD
2393,46069,Hyde,HYDE,SD
2394,46071,Jackson,JACKSON,SD
2395,46073,Jerauld,JERAULD,SD
2396,46075,Jones,JONES,SD
2397,46077,Kingsbury,KINGSBURY,SD
2398,46079,Lake,LAKE,SD
2399,46081,Lawrence,LAWRENCE,SD
2400,46083,Lincoln,LINCOLN,SD
2401,46085,Lyman,LYMAN,SD
2402,46087,McCook,MCCOOK,SD
2403,46089,McPherson,MCPHERSON,SD
2404,46091,Marshall,MARSHALL,SD
2405,46093,Meade,MEADE,SD
2406,46095,Mellette,MELLETTE,SD
2407,46097,Miner,MINER,SD
2408,46099,Minnehaha,MINNEHAHA,SD
2409,46101,Moody,MOODY,SD
2410,46103,Pennington,PENNINGTON,SD
2411,46105,Perkins,PERKINS,SD
2412,46107,Potter,POTTER,SD
2413,46109,Roberts,ROBERTS,SD
2414,46111,Sanborn,SANBORN,SD
2415,46113,Shannon,SHANNON,SD
2416,46115,Spink,SPINK,SD
2417,46117,Stanley,STANLEY,SD
2418,46119,Sully,SULLY,SD
2419,46121,Todd,TODD,SD
2420,46123,Tripp,TRIPP,SD
2421,46125,Turner,TURNER,SD
2422,46127,Union,UNION,SD
2423,46129,Walworth,WALWORTH,SD
2424,46135,Yankton,YANKTON,SD
2425,46137,Ziebach,ZIEBACH,SD
2426,47001,Anderson,ANDERSON,TN
2427,47003,Bedford,BEDFORD,TN
2428,47005,Benton,BENTON,TN
2429,47007,Bledsoe,BLEDSOE,TN
2430,47009,Blount,BLOUNT,TN
2431,47011,Bradley,BRADLEY,TN
2432,47013,Campbell,CAMPBELL,TN
2433,47015,Cannon,CANNON,TN
2434,47017,Carroll,CARROLL,TN
2435,47019,Carter,CARTER,TN
2436,47021,Cheatham,CHEATHAM,TN
2437,47023,Chester,CHESTER,TN
2438,47025,Claiborne,CLAIBORNE,TN
2439,47027,Clay,CLAY,TN
2440,47029,Cocke,COCKE,TN
2441,47031,Coffee,COFFEE,TN
2442,47033,Crockett,CROCKETT,TN
2443,47035,Cumberland,CUMBERLAND,TN
2444,47037,Davidson,DAVIDSON,TN
2445,47039,Decatur,DECATUR,TN
2446,47041,De Kalb,DE KALB,TN
2447,47043,Dickson,DICKSON,TN
2448,47045,Dyer,DYER,TN
2449,47047,Fayette,FAYETTE,TN
2450,47049,Fentress,FENTRESS,TN
2451,47051,Franklin,FRANKLIN,TN
2452,47053,Gibson,GIBSON,TN
2453,47055,Giles,GILES,TN
2454,47057,Grainger,GRAINGER,TN
2455,47059,Greene,GREENE,TN
2456,47061,Grundy,GRUNDY,TN
2457,47063,Hamblen,HAMBLEN,TN
2458,47065,Hamilton,HAMILTON,TN
2459,47067,Hancock,HANCOCK,TN
2460,47069,Hardeman,HARDEMAN,TN
2461,47071,Hardin,HARDIN,TN
2462,47073,Hawkins,HAWKINS,TN
2463,47075,Haywood,HAYWOOD,TN
2464,47077,Henderson,HENDERSON,TN
2465,47079,Henry,HENRY,TN
2466,47081,Hickman,HICKMAN,TN
2467,47083,Houston,HOUSTON,TN
2468,47085,Humphreys,HUMPHREYS,TN
2469,47087,Jackson,JACKSON,TN
2470,47089,Jefferson,JEFFERSON,TN
2471,47091,Johnson,JOHNSON,TN
2472,47093,Knox,KNOX,TN
2473,47095,Lake,LAKE,TN
2474,47097,Lauderdale,LAUDERDALE,TN
2475,47099,Lawrence,LAWRENCE,TN
2476,47101,Lewis,LEWIS,TN
2477,47103,Lincoln,LINCOLN,TN
2478,47105,Loudon,LOUDON,TN
2479,47107,McMinn,MCMINN,TN
2480,47109,McNairy,MCNAIRY,TN
2481,47111,Macon,MACON,TN
2482,47113,Madison,MADISON,TN
2483,47115,Marion,MARION,TN
2484,47117,Marshall,MARSHALL,TN
2485,47119,Maury,MAURY,TN
2486,47121,Meigs,MEIGS,TN
2487,47123,Monroe,MONROE,TN
2488,47125,Montgomery,MONTGOMERY,TN
2489,47127,Moore,MOORE,TN
2490,47129,Morgan,MORGAN,TN
2491,47131,Obion,OBION,TN
2492,47133,Overton,OVERTON,TN
2493,47135,Perry,PERRY,TN
2494,47137,Pickett,PICKETT,TN
2495,47139,Polk,POLK,TN
2496,47141,Putnam,PUTNAM,TN
2497,47143,Rhea,RHEA,TN
2498,47145,Roane,ROANE,TN
2499,47147,Robertson,ROBERTSON,TN
2500,47149,Rutherford,RUTHERFORD,TN
2501,47151,Scott,SCOTT,TN
2502,47153,Sequatchie,SEQUATCHIE,TN
2503,47155,Sevier,SEVIER,TN
2504,47157,Shelby,SHELBY,TN
2505,47159,Smith,SMITH,TN
2506,47161,Stewart,STEWART,TN
2507,47163,Sullivan,SULLIVAN,TN
2508,47165,Sumner,SUMNER,TN
2509,47167,Tipton,TIPTON,TN
2510,47169,Trousdale,TROUSDALE,TN
2511,47171,Unicoi,UNICOI,TN
2512,47173,Union,UNION,TN
2513,47175,Van Buren,VAN BUREN,TN
2514,47177,Warren,WARREN,TN
2515,47179,Washington,WASHINGTON,TN
2516,47181,Wayne,WAYNE,TN
2517,47183,Weakley,WEAKLEY,TN
2518,47185,White,WHITE,TN
2519,47187,Williamson,WILLIAMSON,TN
2520,47189,Wilson,WILSON,TN
2521,48001,Anderson,ANDERSON,TX
2522,48003,Andrews,ANDREWS,TX
2523,48005,Angelina,ANGELINA,TX
2524,48007,Aransas,ARANSAS,TX
2525,48009,Archer,ARCHER,TX
2526,48011,Armstrong,ARMSTRONG,TX
2527,48013,Atascosa,ATASCOSA,TX
2528,48015,Austin,AUSTIN,TX
2529,48017,Bailey,BAILEY,TX
2530,48019,Bandera,BANDERA,TX
2531,48021,Bastrop,BASTROP,TX
2532,48023,Baylor,BAYLOR,TX
2533,48025,Bee,BEE,TX
2534,48027,Bell,BELL,TX
2535,48029,Bexar,BEXAR,TX
2536,48031,Blanco,BLANCO,TX
2537,48033,Borden,BORDEN,TX
2538,48035,Bosque,BOSQUE,TX
2539,48037,Bowie,BOWIE,TX
2540,48039,Brazoria,BRAZORIA,TX
2541,48041,Brazos,BRAZOS,TX
2542,48043,Brewster,BREWSTER,TX
2543,48045,Briscoe,BRISCOE,TX
2544,48047,Brooks,BROOKS,TX
2545,48049,Brown,BROWN,TX
2546,48051,Burleson,BURLESON,TX
2547,48053,Burnet,BURNET,TX
2548,48055,Caldwell,CALDWELL,TX
2549,48057,Calhoun,CALHOUN,TX
2550,48059,Callahan,CALLAHAN,TX
2551,48061,Cameron,CAMERON,TX
2552,48063,Camp,CAMP,TX
2553,48065,Carson,CARSON,TX
2554,48067,Cass,CASS,TX
2555,48069,Castro,CASTRO,TX
2556,48071,Chambers,CHAMBERS,TX
2557,48073,Cherokee,CHEROKEE,TX
2558,48075,Childress,CHILDRESS,TX
2559,48077,Clay,CLAY,TX
2560,48079,Cochran,COCHRAN,TX
2561,48081,Coke,COKE,TX
2562,48083,Coleman,COLEMAN,TX
2563,48085,Collin,COLLIN,TX
2564,48087,Collingsworth,COLLINGSWORTH,TX
2565,48089,Colorado,COLORADO,TX
2566,48091,Comal,COMAL,TX
2567,48093,Comanche,COMANCHE,TX
2568,48095,Concho,CONCHO,TX
2569,48097,Cooke,COOKE,TX
2570,48099,Coryell,CORYELL,TX
2571,48101,Cottle,COTTLE,TX
2572,48103,Crane,CRANE,TX
2573,48105,Crockett,CROCKETT,TX
2574,48107,Crosby,CROSBY,TX
2575,48109,Culberson,CULBERSON,TX
2576,48111,Dallam,DALLAM,TX
2577,48113,Dallas,DALLAS,TX
2578,48115,Dawson,DAWSON,TX
2579,48117,Deaf Smith,DEAF SMITH,TX
2580,48119,Delta,DELTA,TX
2581,48121,Denton,DENTON,TX
2582,48123,De Witt,DE WITT,TX
2583,48125,Dickens,DICKENS,TX
2584,48127,Dimmit,DIMMIT,TX
2585,48129,Donley,DONLEY,TX
2586,48131,Duval,DUVAL,TX
2587,48133,Eastland,EASTLAND,TX
2588,48135,Ector,ECTOR,TX
2589,48137,Edwards,EDWARDS,TX
2590,48139,Ellis,ELLIS,TX
2591,48141,El Paso,EL PASO,TX
2592,48143,Erath,ERATH,TX
2593,48145,Falls,FALLS,TX
2594,48147,Fannin,FANNIN,TX
2595,48149,Fayette,FAYETTE,TX
2596,48151,Fisher,FISHER,TX
2597,48153,Floyd,FLOYD,TX
2598,48155,Foard,FOARD,TX
2599,48157,Fort Bend,FORT BEND,TX
2600,48159,Franklin,FRANKLIN,TX
2601,48161,Freestone,FREESTONE,TX
2602,48163,Frio,FRIO,TX
2603,48165,Gaines,GAINES,TX
2604,48167,Galveston,GALVESTON,TX
2605,48169,Garza,GARZA,TX
2606,48171,Gillespie,GILLESPIE,TX
2607,48173,Glasscock,GLASSCOCK,TX
2608,48175,Goliad,GOLIAD,TX
2609,48177,Gonzales,GONZALES,TX
2610,48179,Gray,GRAY,TX
2611,48181,Grayson,GRAYSON,TX
2612,48183,Gregg,GREGG,TX
2613,48185,Grimes,GRIMES,TX
2614,48187,Guadalupe,GUADALUPE,TX
2615,48189,Hale,HALE,TX
2616,48191,Hall,HALL,TX
2617,48193,Hamilton,HAMILTON,TX
2618,48195,Hansford,HANSFORD,TX
2619,48197,Hardeman,HARDEMAN,TX
2620,48199,Hardin,HARDIN,TX
2621,48201,Harris,HARRIS,TX
2622,48203,Harrison,HARRISON,TX
2623,48205,Hartley,HARTLEY,TX
2624,48207,Haskell,HASKELL,TX
2625,48209,Hays,HAYS,TX
2626,48211,Hemphill,HEMPHILL,TX
2627,48213,Henderson,HENDERSON,TX
2628,48215,Hidalgo,HIDALGO,TX
2629,48217,Hill,HILL,TX
2630,48219,Hockley,HOCKLEY,TX
2631,48221,Hood,HOOD,TX
2632,48223,Hopkins,HOPKINS,TX
2633,48225,Houston,HOUSTON,TX
2634,48227,Howard,HOWARD,TX
2635,48229,Hudspeth,HUDSPETH,TX
2636,48231,Hunt,HUNT,TX
2637,48233,Hutchinson,HUTCHINSON,TX
2638,48235,Irion,IRION,TX
2639,48237,Jack,JACK,TX
2640,48239,Jackson,JACKSON,TX
2641,48241,Jasper,JASPER,TX
2642,48243,Jeff Davis,JEFF DAVIS,TX
2643,48245,Jefferson,JEFFERSON,TX
2644,48247,Jim Hogg,JIM HOGG,TX
2645,48249,Jim Wells,JIM WELLS,TX
2646,48251,Johnson,JOHNSON,TX
2647,48253,Jones,JONES,TX
2648,48255,Karnes,KARNES,TX
2649,48257,Kaufman,KAUFMAN,TX
2650,48259,Kendall,KENDALL,TX
2651,48261,Kenedy,KENEDY,TX
2652,48263,Kent,KENT,TX
2653,48265,Kerr,KERR,TX
2654,48267,Kimble,KIMBLE,TX
2655,48269,King,KING,TX
2656,48271,Kinney,KINNEY,TX
2657,48273,Kleberg,KLEBERG,TX
2658,48275,Knox,KNOX,TX
2659,48277,Lamar,LAMAR,TX
2660,48279,Lamb,LAMB,TX
2661,48281,Lampasas,LAMPASAS,TX
2662,48283,La Salle,LA SALLE,TX
2663,48285,Lavaca,LAVACA,TX
2664,48287,Lee,LEE,TX
2665,48289,Leon,LEON,TX
2666,48291,Liberty,LIBERTY,TX
2667,48293,Limestone,LIMESTONE,TX
2668,48295,Lipscomb,LIPSCOMB,TX
2669,48297,Live Oak,LIVE OAK,TX
2670,48299,Llano,LLANO,TX
2671,48301,Loving,LOVING,TX
2672,48303,Lubbock,LUBBOCK,TX
2673,48305,Lynn,LYNN,TX
2674,48307,McCulloch,MCCULLOCH,TX
2675,48309,McLennan,MCLENNAN,TX
2676,48311,McMullen,MCMULLEN,TX
2677,48313,Madison,MADISON,TX
2678,48315,Marion,MARION,TX
2679,48317,Martin,MARTIN,TX
2680,48319,Mason,MASON,TX
2681,48321,Matagorda,MATAGORDA,TX
2682,48323,Maverick,MAVERICK,TX
2683,48325,Medina,MEDINA,TX
2684,48327,Menard,MENARD,TX
2685,48329,Midland,MIDLAND,TX
2686,48331,Milam,MILAM,TX
2687,48333,Mills,MILLS,TX
2688,48335,Mitchell,MITCHELL,TX
2689,48337,Montague,MONTAGUE,TX
2690,48339,Montgomery,MONTGOMERY,TX
2691,48341,Moore,MOORE,TX
2692,48343,Morris,MORRIS,TX
2693,48345,Motley,MOTLEY,TX
2694,48347,Nacogdoches,NACOGDOCHES,TX
2695,48349,Navarro,NAVARRO,TX
2696,48351,Newton,NEWTON,TX
2697,48353,Nolan,NOLAN,TX
2698,48355,Nueces,NUECES,TX
2699,48357,Ochiltree,OCHILTREE,TX
2700,48359,Oldham,OLDHAM,TX
2701,48361,Orange,ORANGE,TX
2702,48363,Palo Pinto,PALO PINTO,TX
2703,48365,Panola,PANOLA,TX
2704,48367,Parker,PARKER,TX
2705,48369,Parmer,PARMER,TX
2706,48371,Pecos,PECOS,TX
2707,48373,Polk,POLK,TX
2708,48375,Potter,POTTER,TX
2709,48377,Presidio,PRESIDIO,TX
2710,48379,Rains,RAINS,TX
2711,48381,Randall,RANDALL,TX
2712,48383,Reagan,REAGAN,TX
2713,48385,Real,REAL,TX
2714,48387,Red River,RED RIVER,TX
2715,48389,Reeves,REEVES,TX
2716,48391,Refugio,REFUGIO,TX
2717,48393,Roberts,ROBERTS,TX
2718,48395,Robertson,ROBERTSON,TX
2719,48397,Rockwall,ROCKWALL,TX
2720,48399,Runnels,RUNNELS,TX
2721,48401,Rusk,RUSK,TX
2722,48403,Sabine,SABINE,TX
2723,48405,San Augustine,SAN AUGUSTINE,TX
2724,48407,San Jacinto,SAN JACINTO,TX
2725,48409,San Patricio,SAN PATRICIO,TX
2726,48411,San Saba,SAN SABA,TX
2727,48413,Schleicher,SCHLEICHER,TX
2728,48415,Scurry,SCURRY,TX
2729,48417,Shackelford,SHACKELFORD,TX
2730,48419,Shelby,SHELBY,TX
2731,48421,Sherman,SHERMAN,TX
2732,48423,Smith,SMITH,TX
2733,48425,Somervell,SOMERVELL,TX
2734,48427,Starr,STARR,TX
2735,48429,Stephens,STEPHENS,TX
2736,48431,Sterling,STERLING,TX
2737,48433,Stonewall,STONEWALL,TX
2738,48435,Sutton,SUTTON,TX
2739,48437,Swisher,SWISHER,TX
2740,48439,Tarrant,TARRANT,TX
2741,48441,Taylor,TAYLOR,TX
2742,48443,Terrell,TERRELL,TX
2743,48445,Terry,TERRY,TX
2744,48447,Throckmorton,THROCKMORTON,TX
2745,48449,Titus,TITUS,TX
2746,48451,Tom Green,TOM GREEN,TX
2747,48453,Travis,TRAVIS,TX
2748,48455,Trinity,TRINITY,TX
2749,48457,Tyler,TYLER,TX
2750,48459,Upshur,UPSHUR,TX
2751,48461,Upton,UPTON,TX
2752,48463,Uvalde,UVALDE,TX
2753,48465,Val Verde,VAL VERDE,TX
2754,48467,Van Zandt,VAN ZANDT,TX
2755,48469,Victoria,VICTORIA,TX
2756,48471,Walker,WALKER,TX
2757,48473,Waller,WALLER,TX
2758,48475,Ward,WARD,TX
2759,48477,Washington,WASHINGTON,TX
2760,48479,Webb,WEBB,TX
2761,48481,Wharton,WHARTON,TX
2762,48483,Wheeler,WHEELER,TX
2763,48485,Wichita,WICHITA,TX
2764,48487,Wilbarger,WILBARGER,TX
2765,48489,Willacy,WILLACY,TX
2766,48491,Williamson,WILLIAMSON,TX
2767,48493,Wilson,WILSON,TX
2768,48495,Winkler,WINKLER,TX
2769,48497,Wise,WISE,TX
2770,48499,Wood,WOOD,TX
2771,48501,Yoakum,YOAKUM,TX
2772,48503,Young,YOUNG,TX
2773,48505,Zapata,ZAPATA,TX
2774,48507,Zavala,ZAVALA,TX
2775,49001,Beaver,BEAVER,UT
2776,49003,Box Elder,BOX ELDER,UT
2777,49005,Cache,CACHE,UT
2778,49007,Carbon,CARBON,UT
2779,49009,Daggett,DAGGETT,UT
2780,49011,Davis,DAVIS,UT
2781,49013,Duchesne,DUCHESNE,UT
2782,49015,Emery,EMERY,UT
2783,49017,Garfield,GARFIELD,UT
2784,49019,Grand,GRAND,UT
2785,49021,Iron,IRON,UT
2786,49023,Juab,JUAB,UT
2787,49025,Kane,KANE,UT
2788,49027,Millard,MILLARD,UT
2789,49029,Morgan,MORGAN,UT
2790,49031,Piute,PIUTE,UT
2791,49033,Rich,RICH,UT
2792,49035,Salt Lake,SALT LAKE,UT
2793,49037,San Juan,SAN JUAN,UT
2794,49039,Sanpete,SANPETE,UT
2795,49041,Sevier,SEVIER,UT
2796,49043,Summit,SUMMIT,UT
2797,49045,Tooele,TOOELE,UT
2798,49047,Uintah,UINTAH,UT
2799,49049,Utah,UTAH,UT
2800,49051,Wasatch,WASATCH,UT
2801,49053,Washington,WASHINGTON,UT
2802,49055,Wayne,WAYNE,UT
2803,49057,Weber,WEBER,UT
2804,50001,Addison,ADDISON,VT
2805,50003,Bennington,BENNINGTON,VT
2806,50005,Caledonia,CALEDONIA,VT
2807,50007,Chittenden,CHITTENDEN,VT
2808,50009,Essex,ESSEX,VT
2809,50011,Franklin,FRANKLIN,VT
2810,50013,Grand Isle,GRAND ISLE,VT
2811,50015,Lamoille,LAMOILLE,VT
2812,50017,Orange,ORANGE,VT
2813,50019,Orleans,ORLEANS,VT
2814,50021,Rutland,RUTLAND,VT
2815,50023,Washington,WASHINGTON,VT
2816,50025,Windham,WINDHAM,VT
2817,50027,Windsor,WINDSOR,VT
2818,51001,Accomack,ACCOMACK,VA
2819,51003,Albemarle,ALBEMARLE,VA
2820,51005,Alleghany,ALLEGHANY,VA
2821,51007,Amelia,AMELIA,VA
2822,51009,Amherst,AMHERST,VA
2823,51011,Appomattox,APPOMATTOX,VA
2824,51013,Arlington,ARLINGTON,VA
2825,51015,Augusta,AUGUSTA,VA
2826,51017,Bath,BATH,VA
2827,51019,Bedford,BEDFORD,VA
2828,51021,Bland,BLAND,VA
2829,51023,Botetourt,BOTETOURT,VA
2830,51025,Brunswick,BRUNSWICK,VA
2831,51027,Buchanan,BUCHANAN,VA
2832,51029,Buckingham,BUCKINGHAM,VA
2833,51031,Campbell,CAMPBELL,VA
2834,51033,Caroline,CAROLINE,VA
2835,51035,Carroll,CARROLL,VA
2836,51036,Charles City,CHARLES CITY,VA
2837,51037,Charlotte,CHARLOTTE,VA
2838,51041,Chesterfield,CHESTERFIELD,VA
2839,51043,Clarke,CLARKE,VA
2840,51045,Craig,CRAIG,VA
2841,51047,Culpeper,CULPEPER,VA
2842,51049,Cumberland,CUMBERLAND,VA
2843,51051,Dickenson,DICKENSON,VA
2844,51053,Dinwiddie,DINWIDDIE,VA
2845,51057,Essex,ESSEX,VA
2846,51059,Fairfax,FAIRFAX,VA
2847,51061,Fauquier,FAUQUIER,VA
2848,51063,Floyd,FLOYD,VA
2849,51065,Fluvanna,FLUVANNA,VA
2850,51067,Franklin,FRANKLIN,VA
2851,51069,Frederick,FREDERICK,VA
2852,51071,Giles,GILES,VA
2853,51073,Gloucester,GLOUCESTER,VA
2854,51075,Goochland,GOOCHLAND,VA
2855,51077,Grayson,GRAYSON,VA
2856,51079,Greene,GREENE,VA
2857,51081,Greensville,GREENSVILLE,VA
2858,51083,Halifax,HALIFAX,VA
2859,51085,Hanover,HANOVER,VA
2860,51087,Henrico,HENRICO,VA
2861,51089,Henry,HENRY,VA
2862,51091,Highland,HIGHLAND,VA
2863,51093,Isle of Wight,ISLE OF WIGHT,VA
2864,51095,James City,JAMES CITY,VA
2865,51097,King and Queen,KING AND QUEEN,VA
2866,51099,King George,KING GEORGE,VA
2867,51101,King William,KING WILLIAM,VA
2868,51103,Lancaster,LANCASTER,VA
2869,51105,Lee,LEE,VA
2870,51107,Loudoun,LOUDOUN,VA
2871,51109,Louisa,LOUISA,VA
2872,51111,Lunenburg,LUNENBURG,VA
2873,51113,Madison,MADISON,VA
2874,51115,Mathews,MATHEWS,VA
2875,51117,Mecklenburg,MECKLENBURG,VA
2876,51119,Middlesex,MIDDLESEX,VA
2877,51121,Montgomery,MONTGOMERY,VA
2878,51125,Nelson,NELSON,VA
2879,51127,New Kent,NEW KENT,VA
2880,51131,Northampton,NORTHAMPTON,VA
2881,51133,Northumberland,NORTHUMBERLAND,VA
2882,51135,Nottoway,NOTTOWAY,VA
2883,51137,Orange,ORANGE,VA
2884,51139,Page,PAGE,VA
2885,51141,Patrick,PATRICK,VA
2886,51143,Pittsylvania,PITTSYLVANIA,VA
2887,51145,Powhatan,POWHATAN,VA
2888,51147,Prince Edward,PRINCE EDWARD,VA
2889,51149,Prince George,PRINCE GEORGE,VA
2890,51153,Prince William,PRINCE WILLIAM,VA
2891,51155,Pulaski,PULASKI,VA
2892,51157,Rappahannock,RAPPAHANNOCK,VA
2893,51159,Richmond,RICHMOND,VA
2894,51161,Roanoke,ROANOKE,VA
2895,51163,Rockbridge,ROCKBRIDGE,VA
2896,51165,Rockingham,ROCKINGHAM,VA
2897,51167,Russell,RUSSELL,VA
2898,51169,Scott,SCOTT,VA
2899,51171,Shenandoah,SHENANDOAH,VA
2900,51173,Smyth,SMYTH,VA
2901,51175,Southampton,SOUTHAMPTON,VA
2902,51177,Spotsylvania,SPOTSYLVANIA,VA
2903,51179,Stafford,STAFFORD,VA
2904,51181,Surry,SURRY,VA
2905,51183,Sussex,SUSSEX,VA
2906,51185,Tazewell,TAZEWELL,VA
2907,51187,Warren,WARREN,VA
2908,51191,Washington,WASHINGTON,VA
2909,51193,Westmoreland,WESTMORELAND,VA
2910,51195,Wise,WISE,VA
2911,51197,Wythe,WYTHE,VA
2912,51199,York,YORK,VA
2913,51510,Alexandria City,ALEXANDRIA CITY,VA
2914,51515,Bedford City,BEDFORD CITY,VA
2915,51520,Bristol City,BRISTOL CITY,VA
2916,51530,Buena Vista City,BUENA VISTA CITY,VA
2917,51540,Charlottesville City,CHARLOTTESVILLE CITY,VA
2918,51550,Chesapeake City,CHESAPEAKE CITY,VA
2919,51560,Clifton Forge City,CLIFTON FORGE CITY,VA
2920,51570,Colonial Heights Cit,COLONIAL HEIGHTS CIT,VA
2921,51580,Covington City,COVINGTON CITY,VA
2922,51590,Danville City,DANVILLE CITY,VA
2923,51595,Emporia City,EMPORIA CITY,VA
2924,51600,Fairfax City,FAIRFAX CITY,VA
2925,51610,Falls Church City,FALLS CHURCH CITY,VA
2926,51620,Franklin City,FRANKLIN CITY,VA
2927,51630,Fredericksburg City,FREDERICKSBURG CITY,VA
2928,51640,Galax City,GALAX CITY,VA
2929,51650,Hampton City,HAMPTON CITY,VA
2930,51660,Harrisonburg City,HARRISONBURG CITY,VA
2931,51670,Hopewell City,HOPEWELL CITY,VA
2932,51678,Lexington City,LEXINGTON CITY,VA
2933,51680,Lynchburg City,LYNCHBURG CITY,VA
2934,51683,Manassas City,MANASSAS CITY,VA
2935,51685,Manassas Park City,MANASSAS PARK CITY,VA
2936,51690,Martinsville City,MARTINSVILLE CITY,VA
2937,51700,Newport News City,NEWPORT NEWS CITY,VA
2938,51710,Norfolk City,NORFOLK CITY,VA
2939,51720,Norton City,NORTON CITY,VA
2940,51730,Petersburg City,PETERSBURG CITY,VA
2941,51735,Poquoson City,POQUOSON CITY,VA
2942,51740,Portsmouth City,PORTSMOUTH CITY,VA
2943,51750,Radford City,RADFORD CITY,VA
2944,51760,Richmond City,RICHMOND CITY,VA
2945,51770,Roanoke City,ROANOKE CITY,VA
2946,51775,Salem City,SALEM CITY,VA
2947,51780,South Boston City,SOUTH BOSTON CITY,VA
2948,51790,Staunton City,STAUNTON CITY,VA
2949,51800,Suffolk City,SUFFOLK CITY,VA
2950,51810,Virginia Beach City,VIRGINIA BEACH CITY,VA
2951,51820,Waynesboro City,WAYNESBORO CITY,VA
2952,51830,Williamsburg City,WILLIAMSBURG CITY,VA
2953,51840,Winchester City,WINCHESTER CITY,VA
2954,53001,Adams,ADAMS,WA
2955,53003,Asotin,ASOTIN,WA
2956,53005,Benton,BENTON,WA
2957,53007,Chelan,CHELAN,WA
2958,53009,Clallam,CLALLAM,WA
2959,53011,Clark,CLARK,WA
2960,53013,Columbia,COLUMBIA,WA
2961,53015,Cowlitz,COWLITZ,WA
2962,53017,Douglas,DOUGLAS,WA
2963,53019,Ferry,FERRY,WA
2964,53021,Franklin,FRANKLIN,WA
2965,53023,Garfield,GARFIELD,WA
2966,53025,Grant,GRANT,WA
2967,53027,Grays Harbor,GRAYS HARBOR,WA
2968,53029,Island,ISLAND,WA
2969,53031,Jefferson,JEFFERSON,WA
2970,53033,King,KING,WA
2971,53035,Kitsap,KITSAP,WA
2972,53037,Kittitas,KITTITAS,WA
2973,53039,Klickitat,KLICKITAT,WA
2974,53041,Lewis,LEWIS,WA
2975,53043,Lincoln,LINCOLN,WA
2976,53045,Mason,MASON,WA
2977,53047,Okanogan,OKANOGAN,WA
2978,53049,Pacific,PACIFIC,WA
2979,53051,Pend Oreille,PEND OREILLE,WA
2980,53053,Pierce,PIERCE,WA
2981,53055,San Juan,SAN JUAN,WA
2982,53057,Skagit,SKAGIT,WA
2983,53059,Skamania,SKAMANIA,WA
2984,53061,Snohomish,SNOHOMISH,WA
2985,53063,Spokane,SPOKANE,WA
2986,53065,Stevens,STEVENS,WA
2987,53067,Thurston,THURSTON,WA
2988,53069,Wahkiakum,WAHKIAKUM,WA
2989,53071,Walla Walla,WALLA WALLA,WA
2990,53073,Whatcom,WHATCOM,WA
2991,53075,Whitman,WHITMAN,WA
2992,53077,Yakima,YAKIMA,WA
2993,54001,Barbour,BARBOUR,WV
2994,54003,Berkeley,BERKELEY,WV
2995,54005,Boone,BOONE,WV
2996,54007,Braxton,BRAXTON,WV
2997,54009,Brooke,BROOKE,WV
2998,54011,Cabell,CABELL,WV
2999,54013,Calhoun,CALHOUN,WV
3000,54015,Clay,CLAY,WV
3001,54017,Doddridge,DODDRIDGE,WV
3002,54019,Fayette,FAYETTE,WV
3003,54021,Gilmer,GILMER,WV
3004,54023,Grant,GRANT,WV
3005,54025,Greenbrier,GREENBRIER,WV
3006,54027,Hampshire,HAMPSHIRE,WV
3007,54029,Hancock,HANCOCK,WV
3008,54031,Hardy,HARDY,WV
3009,54033,Harrison,HARRISON,WV
3010,54035,Jackson,JACKSON,WV
3011,54037,Jefferson,JEFFERSON,WV
3012,54039,Kanawha,KANAWHA,WV
3013,54041,Lewis,LEWIS,WV
3014,54043,Lincoln,LINCOLN,WV
3015,54045,Logan,LOGAN,WV
3016,54047,McDowell,MCDOWELL,WV
3017,54049,Marion,MARION,WV
3018,54051,Marshall,MARSHALL,WV
3019,54053,Mason,MASON,WV
3020,54055,Mercer,MERCER,WV
3021,54057,Mineral,MINERAL,WV
3022,54059,Mingo,MINGO,WV
3023,54061,Monongalia,MONONGALIA,WV
3024,54063,Monroe,MONROE,WV
3025,54065,Morgan,MORGAN,WV
3026,54067,Nicholas,NICHOLAS,WV
3027,54069,Ohio,OHIO,WV
3028,54071,Pendleton,PENDLETON,WV
3029,54073,Pleasants,PLEASANTS,WV
3030,54075,Pocahontas,POCAHONTAS,WV
3031,54077,Preston,PRESTON,WV
3032,54079,Putnam,PUTNAM,WV
3033,54081,Raleigh,RALEIGH,WV
3034,54083,Randolph,RANDOLPH,WV
3035,54085,Ritchie,RITCHIE,WV
3036,54087,Roane,ROANE,WV
3037,54089,Summers,SUMMERS,WV
3038,54091,Taylor,TAYLOR,WV
3039,54093,Tucker,TUCKER,WV
3040,54095,Tyler,TYLER,WV
3041,54097,Upshur,UPSHUR,WV
3042,54099,Wayne,WAYNE,WV
3043,54101,Webster,WEBSTER,WV
3044,54103,Wetzel,WETZEL,WV
3045,54105,Wirt,WIRT,WV
3046,54107,Wood,WOOD,WV
3047,54109,Wyoming,WYOMING,WV
3048,55001,Adams,ADAMS,WI
3049,55003,Ashland,ASHLAND,WI
3050,55005,Barron,BARRON,WI
3051,55007,Bayfield,BAYFIELD,WI
3052,55009,Brown,BROWN,WI
3053,55011,Buffalo,BUFFALO,WI
3054,55013,Burnett,BURNETT,WI
3055,55015,Calumet,CALUMET,WI
3056,55017,Chippewa,CHIPPEWA,WI
3057,55019,Clark,CLARK,WI
3058,55021,Columbia,COLUMBIA,WI
3059,55023,Crawford,CRAWFORD,WI
3060,55025,Dane,DANE,WI
3061,55027,Dodge,DODGE,WI
3062,55029,Door,DOOR,WI
3063,55031,Douglas,DOUGLAS,WI
3064,55033,Dunn,DUNN,WI
3065,55035,Eau Claire,EAU CLAIRE,WI
3066,55037,Florence,FLORENCE,WI
3067,55039,Fond du Lac,FOND DU LAC,WI
3068,55041,Forest,FOREST,WI
3069,55043,Grant,GRANT,WI
3070,55045,Green,GREEN,WI
3071,55047,Green Lake,GREEN LAKE,WI
3072,55049,Iowa,IOWA,WI
3073,55051,Iron,IRON,WI
3074,55053,Jackson,JACKSON,WI
3075,55055,Jefferson,JEFFERSON,WI
3076,55057,Juneau,JUNEAU,WI
3077,55059,Kenosha,KENOSHA,WI
3078,55061,Kewaunee,KEWAUNEE,WI
3079,55063,La Crosse,LA CROSSE,WI
3080,55065,Lafayette,LAFAYETTE,WI
3081,55067,Langlade,LANGLADE,WI
3082,55069,Lincoln,LINCOLN,WI
3083,55071,Manitowoc,MANITOWOC,WI
3084,55073,Marathon,MARATHON,WI
3085,55075,Marinette,MARINETTE,WI
3086,55077,Marquette,MARQUETTE,WI
3087,55078,Menominee,MENOMINEE,WI
3088,55079,Milwaukee,MILWAUKEE,WI
3089,55081,Monroe,MONROE,WI
3090,55083,Oconto,OCONTO,WI
3091,55085,Oneida,ONEIDA,WI
3092,55087,Outagamie,OUTAGAMIE,WI
3093,55089,Ozaukee,OZAUKEE,WI
3094,55091,Pepin,PEPIN,WI
3095,55093,Pierce,PIERCE,WI
3096,55095,Polk,POLK,WI
3097,55097,Portage,PORTAGE,WI
3098,55099,Price,PRICE,WI
3099,55101,Racine,RACINE,WI
3100,55103,Richland,RICHLAND,WI
3101,55105,Rock,ROCK,WI
3102,55107,Rusk,RUSK,WI
3103,55109,St Croix,ST CROIX,WI
3104,55111,Sauk,SAUK,WI
3105,55113,Sawyer,SAWYER,WI
3106,55115,Shawano,SHAWANO,WI
3107,55117,Sheboygan,SHEBOYGAN,WI
3108,55119,Taylor,TAYLOR,WI
3109,55121,Trempealeau,TREMPEALEAU,WI
3110,55123,Vernon,VERNON,WI
3111,55125,Vilas,VILAS,WI
3112,55127,Walworth,WALWORTH,WI
3113,55129,Washburn,WASHBURN,WI
3114,55131,Washington,WASHINGTON,WI
3115,55133,Waukesha,WAUKESHA,WI
3116,55135,Waupaca,WAUPACA,WI
3117,55137,Waushara,WAUSHARA,WI
3118,55139,Winnebago,WINNEBAGO,WI
3119,55141,Wood,WOOD,WI
3120,56001,Albany,ALBANY,WY
3121,56003,Big Horn,BIG HORN,WY
3122,56005,Campbell,CAMPBELL,WY
3123,56007,Carbon,CARBON,WY
3124,56009,Converse,CONVERSE,WY
3125,56011,Crook,CROOK,WY
3126,56013,Fremont,FREMONT,WY
3127,56015,Goshen,GOSHEN,WY
3128,56017,Hot Springs,HOT SPRINGS,WY
3129,56019,Johnson,JOHNSON,WY
3130,56021,Laramie,LARAMIE,WY
3131,56023,Lincoln,LINCOLN,WY
3132,56025,Natrona,NATRONA,WY
3133,56027,Niobrara,NIOBRARA,WY
3134,56029,Park,PARK,WY
3135,56031,Platte,PLATTE,WY
3136,56033,Sheridan,SHERIDAN,WY
3137,56035,Sublette,SUBLETTE,WY
3138,56037,Sweetwater,SWEETWATER,WY
3139,56039,Teton,TETON,WY
3140,56041,Uinta,UINTA,WY
3141,56043,Washakie,WASHAKIE,WY
3142,56045,Weston,WESTON,WY
3143,60010,Unknown,UNKNOWN,AS
3144,60020,Manua,MANUA,AS
3145,60020,Ofu,OFU,AS
3146,60020,Olosega,OLOSEGA,AS
3147,60050,Tutuila,TUTUILA,AS
3148,66010,Cocos Island,COCOS ISLAND,MP
3149,66010,Guam,GUAM,GU
3150,69100,Rota,ROTA,MP
3151,69110,Saipan,SAIPAN,MP
3152,69120,Aguijan,AGUIJAN,MP
3153,69120,Tinian,TINIAN,MP
3154,72001,Adjuntas,ADJUNTAS,PR
3155,72003,Aguada,AGUADA,PR
3156,72005,Aguadilla,AGUADILLA,PR
3157,72007,Aguas Buenas,AGUAS BUENAS,PR
3158,72009,Aibonito,AIBONITO,PR
3159,72011,Anasco,ANASCO,PR
3160,72013,Arecibo,ARECIBO,PR
3161,72015,Arroyo,ARROYO,PR
3162,72017,Barceloneta,BARCELONETA,PR
3163,72019,Barranquitas,BARRANQUITAS,PR
3164,72021,Bayamon,BAYAMON,PR
3165,72023,Cabo Rojo,CABO ROJO,PR
3166,72025,Caguas,CAGUAS,PR
3167,72027,Camuy,CAMUY,PR
3168,72029,Canovanas,CANOVANAS,PR
3169,72031,Carolina,CAROLINA,PR
3170,72033,Catano,CATANO,PR
3171,72035,Cayey,CAYEY,PR
3172,72037,Ceiba,CEIBA,PR
3173,72041,Cidra,CIDRA,PR
3174,72043,Coamo,COAMO,PR
3175,72045,Comerio,COMERIO,PR
3176,72047,Corozal,COROZAL,PR
3177,72049,Culebra,CULEBRA,PR
3178,72051,Dorado,DORADO,PR
3179,72053,Fajardo,FAJARDO,PR
3180,72054,Florida,FLORIDA,PR
3181,72055,Guanica,GUANICA,PR
3182,72057,Guayama,GUAYAMA,PR
3183,72059,Guayanilla,GUAYANILLA,PR
3184,72061,Guaynabo,GUAYNABO,PR
3185,72063,Gurabo,GURABO,PR
3186,72065,Hatillo,HATILLO,PR
3187,72067,Hormigueros,HORMIGUEROS,PR
3188,72071,Isabela,ISABELA,PR
3189,72073,Jayuya,JAYUYA,PR
3190,72075,Juana Diaz,JUANA DIAZ,PR
3191,72077,Juncos,JUNCOS,PR
3192,72079,Lajas,LAJAS,PR
3193,72081,Lares,LARES,PR
3194,72083,Las Marias,LAS MARIAS,PR
3195,72085,Las Piedras,LAS PIEDRAS,PR
3196,72087,Loiza,LOIZA,PR
3197,72089,Luquillo,LUQUILLO,PR
3198,72091,Manati,MANATI,PR
3199,72093,Maricao,MARICAO,PR
3200,72095,Maunabo,MAUNABO,PR
3201,72097,Mayaguez,MAYAGUEZ,PR
3202,72099,Moca,MOCA,PR
3203,72101,Morovis,MOROVIS,PR
3204,72103,Nabuabo,NABUABO,PR
3205,72105,Naranjito,NARANJITO,PR
3206,72107,Orocovis,OROCOVIS,PR
3207,72109,Patillas,PATILLAS,PR
3208,72111,Penuelas,PENUELAS,PR
3209,72113,Ponce,PONCE,PR
3210,72115,Quebradillas,QUEBRADILLAS,PR
3211,72117,Rincon,RINCON,PR
3212,72119,Rio Grande,RIO GRANDE,PR
3213,72121,Sabana Grande,SABANA GRANDE,PR
3214,72123,Salinas,SALINAS,PR
3215,72125,San German,SAN GERMAN,PR
3216,72127,San Juan,SAN JUAN,PR
3217,72129,San Lorenzo,SAN LORENZO,PR
3218,72131,San Sabastian,SAN SABASTIAN,PR
3219,72133,Santa Isabel,SANTA ISABEL,PR
3220,72135,Toa Alta,TOA ALTA,PR
3221,72137,Toa Baja,TOA BAJA,PR
3222,72139,Trujillo Alto,TRUJILLO ALTO,PR
3223,72141,Utuado,UTUADO,PR
3224,72143,Vega Alta,VEGA ALTA,PR
3225,72145,Vega Baja,VEGA BAJA,PR
3226,72147,Vieques,VIEQUES,PR
3227,72149,Villalba,VILLALBA,PR
3228,72151,Yabucoa,YABUCOA,PR
3229,72153,Yauco,YAUCO,PR
3230,78010,St. Croix,ST. CROIX,VI
3231,78020,St. John,ST. JOHN,VI
3232,78030,St. Thomas,ST. THOMAS,VI
